,x13,a,acc,phase,px
2013-07-12,0.0048937203905364,,,,3600.080078125
2013-07-19,0.0063982411237278,,,,3587.610107421875
2013-07-26,0.0087949807710653,,,,3613.159912109375
2013-08-02,0.0086309250165855,,,,3689.590087890625
2013-08-09,0.0077873650037869,,,,3660.110107421875
2013-08-16,0.004102974621898,,,,3602.780029296875
2013-08-23,0.0071530289208049,,,,3657.7900390625
2013-08-30,0.0083349408702838,,,,3589.8701171875
2013-09-06,0.0084194264365866,0.0035257060460501992,1.0,上修加速,3660.010009765625
2013-09-13,0.002532104026224,-0.0038661370975038006,1.0,上修加速,3722.179931640625
2013-09-20,0.0011139062228416,-0.0076810745482236995,1.0,上修加速,3774.72998046875
2013-09-27,0.0018636450679889,-0.0067672799485966,1.0,上修加速,3781.590087890625
2013-10-04,0.0031024431121911,-0.0046849218915958,1.0,上修加速,3807.75
2013-10-11,0.0042421500962308,0.00013917547433280053,1.0,上修加速,3791.8701171875
2013-10-18,0.0016677831358936,-0.0054852457849113,1.0,上修加速,3914.280029296875
2013-10-25,0.0036817103970293,-0.004653230473254501,1.0,上修加速,3943.360107421875
2013-11-01,0.0022781152860219,-0.0061413111505647,1.0,上修加速,3922.0400390625
2013-11-08,0.0024105952041034,-0.00012150882212059967,1.0,上修加速,3919.22998046875
2013-11-15,0.0051979076942419,0.0040840014714003,1.0,上修加速,3985.969970703125
2013-11-22,0.0010560184046642,-0.0008076266633246999,1.0,上修加速,3991.64990234375
2013-11-29,-0.0002881144353316,-0.0033905575475227,1.0,下修放缓,4059.889892578125
2013-12-06,-0.0006552245949708,-0.004897374691201601,1.0,下修放缓,4062.52001953125
2013-12-13,0.0049532533395421,0.0032854702036484995,1.0,上修加速,4000.97998046875
2013-12-20,0.0044786629979558,0.0007969526009265,1.0,上修加速,4104.740234375
2013-12-27,0.0001719269452066,-0.0021061883408153,1.0,上修加速,4156.58984375
2014-01-03,-0.0006114335384182,-0.0030220287425216,1.0,下修放缓,4131.91015625
2014-01-10,-0.0024962199944451,-0.007694127688687,1.0,下修放缓,4174.669921875
2014-01-17,-0.0055681069516153,-0.0066241253562795005,1.0,下修放缓,4197.580078125
2014-01-24,0.0032542788130992,0.0035423932484308003,1.0,上修加速,4128.169921875
2014-01-31,0.0107904868855173,0.0114457114804881,1.0,上修加速,4103.8798828125
2014-02-07,0.0065807058119785,0.0016274524724364005,1.0,上修加速,4125.85986328125
2014-02-14,0.0029821133577309,-0.0014965496402249002,1.0,上修加速,4244.02001953125
2014-02-21,0.0032839821368221,0.0031120551916155002,1.0,上修加速,4263.41015625
2014-02-28,0.0002722928756716,0.0008837264140898,1.0,上修加速,4308.1201171875
2014-03-07,0.0034850466997632,0.0059812666942083,1.0,上修加速,4336.22021484375
2014-03-14,-0.0019566959156865,0.0036114110359288,1.0,下修放缓,4245.39990234375
2014-03-21,-0.0017853306221916,-0.0050396094352908,1.0,下修放缓,4276.7900390625
2014-03-28,0.0022213671834313,-0.008569119702086,1.0,上修加速,4155.759765625
2014-04-04,0.0041916605284521,-0.0023890452835264005,1.0,上修加速,4127.72998046875
2014-04-11,0.0049727521009413,0.0019906387432104,1.0,上修加速,3999.72998046875
2014-04-18,0.0084139444773293,0.005129962340507201,1.0,上修加速,4095.52001953125
2014-04-25,0.0022155887338838,0.0019432958582122001,1.0,上修加速,4075.56005859375
2014-05-02,-0.0045598566006377,-0.008044903300400901,1.0,下修放缓,4123.89990234375
2014-05-09,-0.0004397017405293,0.0015169941751572002,1.0,下修放缓,4071.8701171875
2014-05-16,0.0093905440075545,0.0111758746297461,1.0,上修加速,4090.590087890625
2014-05-23,0.0041511491403467,0.0019297819569154004,1.0,上修加速,4185.81005859375
2014-05-30,0.0138266682456328,0.009635007717180701,1.0,上修加速,4242.6201171875
2014-06-06,0.0076624811753391,0.0026897290743977996,1.0,上修加速,4321.39990234375
2014-06-13,0.0101753354431987,0.0017613909658694,1.0,上修加速,4310.64990234375
2014-06-20,0.0177652070738381,0.0155496183399543,1.0,上修加速,4368.0400390625
2014-06-27,0.0186602252553146,0.0232200818559523,1.0,上修加速,4397.93017578125
2014-07-04,0.0183690113548528,0.018808713095382103,1.0,上修加速,4485.93017578125
2014-07-11,0.0132323357271819,0.0038417917196274,1.0,上修加速,4415.490234375
2014-07-18,0.0153290338697865,0.0111778847294398,1.0,上修加速,4432.14990234375
2014-07-25,0.0221985389700141,0.0083718707243813,1.0,上修加速,4449.56005859375
2014-08-01,0.0230285199771133,0.015366038801774201,1.0,上修加速,4352.64013671875
2014-08-08,0.0233803844536173,0.0132050490104186,1.0,上修加速,4370.89990234375
2014-08-15,0.0138213160687444,-0.003943891005093701,1.0,上修加速,4464.93017578125
2014-08-22,0.023770214630186,0.0051099893748714,1.0,上修加速,4538.5498046875
2014-08-29,0.011768717677425,-0.0066002936774278015,1.0,上修加速,4580.27001953125
2014-09-05,0.0202781014921171,0.007045765764935201,1.0,上修加速,4582.89990234375
2014-09-12,0.0226058939205576,0.0072768600507711004,1.0,上修加速,4567.60009765625
2014-09-19,0.011570946820923,-0.0106275921490911,-1.0,上修减速,4579.7900390625
2014-09-26,0.0147002020685394,-0.0083283179085739,-1.0,上修减速,4512.18994140625
2014-10-03,0.0120270816759775,-0.0113533027776398,-1.0,上修减速,4475.6201171875
2014-10-10,0.0147755013452802,0.000954185276535801,-1.0,上修减速,4276.240234375
2014-10-17,0.0079974128430902,-0.015772801787095798,-1.0,上修减速,4258.43994140625
2014-10-24,-0.0086987673024647,-0.020467484979889698,-1.0,下修加速,4483.72021484375
2014-10-31,-0.0111930516674018,-0.0314711531595189,-1.0,下修加速,4630.740234375
2014-11-07,-0.0139439121280369,-0.0365498060485945,-1.0,下修加速,4632.52978515625
2014-11-14,-0.0097553892183745,-0.0213263360392975,-1.0,下修加速,4688.5400390625
2014-11-21,-0.0153362815921583,-0.0300364836606977,-1.0,下修加速,4712.97021484375
2014-11-28,-0.0113526421283607,-0.0233797238043382,-1.0,下修加速,4791.6298828125
2014-12-05,-0.0217081974309872,-0.0364836987762674,-1.0,下修加速,4780.759765625
2014-12-12,-0.0270503879489564,-0.0350478007920466,-1.0,下修加速,4653.60009765625
2014-12-19,-0.0285979802511334,-0.0198992129486687,-1.0,下修加速,4765.3798828125
2014-12-26,-0.0350926949225742,-0.0238996432551724,-1.0,下修加速,4806.85986328125
2015-01-02,-0.0370042122764744,-0.0230603001484375,-1.0,下修加速,4726.81005859375
2015-01-09,-0.0394913064587614,-0.0297359172403869,-1.0,下修加速,4704.06982421875
2015-01-16,-0.0484694002264152,-0.0331331186342569,-1.0,下修加速,4634.3798828125
2015-01-23,-0.0511522101070687,-0.039799567978708,-1.0,下修加速,4757.8798828125
2015-01-30,-0.050843559754906,-0.029135362323918803,-1.0,下修加速,4635.240234375
2015-02-06,-0.0652622791861361,-0.0382118912371797,-1.0,下修加速,4744.39990234375
2015-02-13,-0.06570841698973,-0.0371104367385966,-1.0,下修加速,4893.83984375
2015-02-20,-0.0605000870535829,-0.025407392131008705,-1.0,下修加速,4955.97021484375
2015-02-27,-0.0602059300334902,-0.0232017177570158,-1.0,下修加速,4963.52978515625
2015-03-06,-0.056106914824024,-0.016615608365262602,-1.0,下修加速,4927.3701171875
2015-03-13,-0.0511099535655652,-0.0026405533391499966,-1.0,下修加速,4871.759765625
2015-03-20,-0.0466396194025464,0.0045125907045222985,-1.0,下修加速,5026.419921875
2015-03-27,-0.0440418161542871,0.006801743600618901,-1.0,下修加速,4891.22021484375
2015-04-03,-0.0404816471776609,0.024780632008475197,1.0,下修放缓,4886.93994140625
2015-04-10,-0.0308258999001562,0.034882517089573795,1.0,下修放缓,4995.97998046875
2015-04-17,-0.0207571851832712,0.0397429018703117,1.0,下修放缓,4931.81005859375
2015-04-24,-0.0128477833509826,0.0473581466825076,1.0,下修放缓,5092.080078125
2015-05-01,-0.0091030009799855,0.0470039138440385,1.0,下修放缓,5005.39013671875
2015-05-08,0.0074775905502663,0.058587544115831496,1.0,上修加速,5003.5498046875
2015-05-15,0.0112209945219049,0.0578606139244513,1.0,上修加速,5048.2900390625
2015-05-22,0.0108134225816107,0.0548552387358978,1.0,上修加速,5089.35986328125
2015-05-29,0.0131137180935857,0.0535953652712466,1.0,上修加速,5070.02978515625
2015-06-05,0.0114207568605796,0.0422466567607358,1.0,上修加速,5068.4599609375
2015-06-12,0.0097973831748646,0.030554568358135803,1.0,上修加速,5051.10009765625
2015-06-19,0.009736381438834,0.022584164789816598,1.0,上修加速,5117.0
2015-06-26,0.0120101875557796,0.0211131885357651,1.0,上修加速,5080.509765625
2015-07-03,0.0103578475927093,0.0028802570424430003,1.0,上修加速,5009.2099609375
2015-07-10,0.0111716777338751,-4.931678802980004e-05,1.0,上修加速,4997.7001953125
2015-07-17,0.0071673978142526,-0.0036460247673581,1.0,上修加速,5210.14013671875
2015-07-24,0.0061345835756793,-0.0069791345179064,1.0,上修加速,5088.6298828125
2015-07-31,0.012015336408151,0.000594579547571401,1.0,上修加速,5128.27978515625
2015-08-07,0.0143937338784218,0.004596350703557199,1.0,上修加速,5043.5400390625
2015-08-14,0.0106641872398531,0.0009278058010191003,1.0,上修加速,5048.240234375
2015-08-21,0.0069719883735519,-0.0050381991822277,1.0,上修加速,4706.0400390625
2015-08-28,0.0053043656498324,-0.0050534819428769,1.0,上修加速,4828.31982421875
2015-09-04,0.0061591153070862,-0.005012562426788899,1.0,上修加速,4683.919921875
2015-09-11,0.0084180769759301,0.0012506791616775006,1.0,上修加速,4822.33984375
2015-09-18,0.0076771101646768,0.0015425265889974999,1.0,上修加速,4827.22998046875
2015-09-25,-0.0012642251521962,-0.013279561560347201,-1.0,下修加速,4686.5
2015-10-02,0.002599164774944,-0.011794569103477799,-1.0,上修减速,4707.77978515625
2015-10-09,-0.0138717011702867,-0.0245358884101398,-1.0,下修加速,4830.47021484375
2015-10-16,-0.008086920582145,-0.0150589089556969,-1.0,下修加速,4886.68994140625
2015-10-23,-0.0039111428657099,-0.0092155085155423,-1.0,下修加速,5031.85986328125
2015-10-30,-0.0129356989812044,-0.0190948142882906,-1.0,下修加速,5053.75
2015-11-06,-0.0150076810380744,-0.0234257580140045,-1.0,下修加速,5147.1201171875
2015-11-13,-0.0157312266375771,-0.0234083368022539,-1.0,下修加速,4927.8798828125
2015-11-20,-0.0145178022825302,-0.013253577130334,-1.0,下修加速,5104.919921875
2015-11-27,-0.0150189281003822,-0.0176180928753262,-1.0,下修加速,5127.52001953125
2015-12-04,-0.0151092683807921,-0.0012375672105053998,-1.0,下修加速,5142.27001953125
2015-12-11,-0.0163597372047239,-0.0082728166225789,-1.0,下修加速,4933.47021484375
2015-12-18,-0.0174586006597401,-0.013547457794030202,-1.0,下修加速,4923.080078125
2015-12-25,-0.0113389962157727,0.0015967027654316991,-1.0,下修加速,5048.490234375
2016-01-01,-0.0151186057980017,-0.0001109247599273,-1.0,下修加速,5007.41015625
2016-01-08,-0.0065012056482637,0.0092300209893134,-1.0,下修加速,4643.6298828125
2016-01-15,-0.0115461531473945,0.002971649135135701,-1.0,下修加速,4488.419921875
2016-01-22,-0.0201740642135395,-0.005155136113157301,-1.0,下修加速,4591.18017578125
2016-01-29,-0.0274750949769488,-0.012365826596156702,-1.0,下修加速,4613.9501953125
2016-02-05,-0.0304272714610571,-0.0140675342563332,-1.0,下修加速,4363.14013671875
2016-02-12,-0.0305477922890847,-0.0130891916293446,-1.0,下修加速,4337.509765625
2016-02-19,-0.0310449078163616,-0.019705911600588898,-1.0,下修加速,4504.43017578125
2016-02-26,-0.0325408530844447,-0.017422247286443003,-1.0,下修加速,4590.47021484375
2016-03-04,-0.034256905823379,-0.027755700175115302,-1.0,下修加速,4717.02001953125
2016-03-11,-0.0377894057616317,-0.0262432526142372,-1.0,下修加速,4748.47021484375
2016-03-18,-0.0349266441145238,-0.0147525799009843,-1.0,下修加速,4795.64990234375
2016-03-25,-0.0297242967156098,-0.0022492017386609997,-1.0,下修加速,4773.5
2016-04-01,-0.0285716623971574,0.0018556090638997026,-1.0,下修加速,4914.5400390625
2016-04-08,-0.0465969516134305,-0.016049159324345797,-1.0,下修加速,4850.68994140625
2016-04-15,-0.0261365779797292,0.004908329836632398,-1.0,下修加速,4938.22021484375
2016-04-22,-0.0160773303878685,0.016463522696576204,1.0,下修放缓,4906.22998046875
2016-04-29,-0.0153813876280144,0.0188755181953646,1.0,下修放缓,4775.35986328125
2016-05-06,-0.0041947849007179,0.033594620860913804,1.0,下修放缓,4736.16015625
2016-05-13,-0.0061875148815971,0.0287391292329267,1.0,下修放缓,4717.68017578125
2016-05-20,0.0018410530628841,0.0315653497784939,1.0,上修加速,4769.56005859375
2016-05-27,0.0008738958699044,0.0294455582670618,1.0,上修加速,4933.5
2016-06-03,0.0038243068423419,0.050421258455772396,1.0,上修加速,4942.52001953125
2016-06-10,0.0120220153366138,0.038158593316343,1.0,上修加速,4894.5498046875
2016-06-17,0.0168347585888015,0.03291208897667,1.0,上修加速,4800.33984375
2016-06-24,0.0170855542587009,0.0324669418867153,1.0,上修加速,4707.97998046875
2016-07-01,0.0213293245637599,0.0255241094644778,1.0,上修加速,4862.56982421875
2016-07-08,0.0261860483170822,0.0323735631986793,1.0,上修加速,4956.759765625
2016-07-15,0.0134669975931136,0.0116259445302295,1.0,上修加速,5029.58984375
2016-07-22,0.0185788511839212,0.0177049553140168,1.0,上修加速,5100.16015625
2016-07-29,0.0277583924057202,0.0239340855633783,1.0,上修加速,5162.1298828125
2016-08-05,0.0141160757411461,0.0020940604045323,1.0,上修加速,5221.1201171875
2016-08-12,0.0227907351485593,0.005955976559757801,1.0,上修加速,5232.89013671875
2016-08-19,0.0163142531859667,-0.0007713010727341992,1.0,上修加速,5238.3798828125
2016-08-26,0.0212606694044562,-6.86551593036995e-05,1.0,上修加速,5218.919921875
2016-09-02,0.0175336040110578,-0.008652444306024402,1.0,上修加速,5249.89990234375
2016-09-09,0.0115704467163605,-0.0018965508767530993,1.0,上修加速,5125.91015625
2016-09-16,0.0081131547166708,-0.010465696467250402,-1.0,上修减速,5244.56982421875
2016-09-23,0.010578909696706,-0.0171794827090142,-1.0,上修减速,5305.75
2016-09-30,0.0057007943803767,-0.0084152813607694,-1.0,上修减速,5312.0
2016-10-07,0.016299858746411,-0.0064908764021483,-1.0,上修减速,5292.39990234375
2016-10-14,0.0203185974237873,0.0040043442378206,-1.0,上修减速,5214.16015625
2016-10-21,0.0108201875352357,-0.0104404818692205,-1.0,上修减速,5257.39990234375
2016-10-28,0.0091597724255835,-0.008373831585474297,-1.0,上修减速,5190.10009765625
2016-11-04,0.0244948377386208,0.012924391022260298,1.0,上修加速,5046.3701171875
2016-11-11,0.013020849112002,0.004907694395331201,1.0,上修加速,5237.10986328125
2016-11-18,0.0120418933622437,0.0014629836655377006,1.0,上修加速,5321.509765625
2016-11-25,0.0111291552830282,0.0054283609026515,1.0,上修加速,5398.919921875
2016-12-02,0.016630669808786,0.0003308110623750013,1.0,上修加速,5255.64990234375
2016-12-09,0.0159029638236301,-0.0044156336001572,1.0,上修加速,5444.5
2016-12-16,0.0207514442217621,0.0099312566865264,1.0,上修加速,5437.16015625
2016-12-23,0.0137711074998144,0.004611335074230899,1.0,上修加速,5462.68994140625
2016-12-30,0.014356993002982,-0.010137844735638798,-1.0,上修减速,5383.1201171875
2017-01-06,0.0174029237341552,0.0043820746221531984,-1.0,上修减速,5521.06005859375
2017-01-13,0.0180085243900608,0.005966631027817101,-1.0,上修减速,5574.1201171875
2017-01-20,0.0214388539480994,0.010309698665071199,1.0,上修加速,5555.330078125
2017-01-27,0.018273285797696,0.001642615988909999,1.0,上修加速,5660.77978515625
2017-02-03,0.0078604140597324,-0.008042549763897702,1.0,上修加速,5666.77001953125
2017-02-10,0.0115033913355122,-0.0092480528862499,1.0,上修加速,5734.1298828125
2017-02-17,0.010855360817608,-0.0029157466822063993,1.0,上修加速,5838.580078125
2017-02-24,0.0104065197572631,-0.0039504732457189,1.0,上修加速,5845.31005859375
2017-03-03,0.0084214656858756,-0.008981458048279599,1.0,上修加速,5870.75
2017-03-10,0.0080837002380535,-0.009924824152007301,1.0,上修加速,5861.72998046875
2017-03-17,0.0032499148350282,-0.0181889391130712,-1.0,上修减速,5901.0
2017-03-24,0.0076433182008565,-0.010629967596839499,-1.0,上修减速,5828.740234375
2017-03-31,0.0095972950735803,0.0017368810138479011,-1.0,上修减速,5911.740234375
2017-04-07,0.0100643973357025,-0.0014389939998096998,-1.0,上修减速,5877.81005859375
2017-04-14,-0.0053827706887243,-0.0162381315063323,-1.0,下修加速,5805.14990234375
2017-04-21,-0.0008743467491319,-0.011280866506395001,-1.0,下修加速,5910.52001953125
2017-04-28,0.0084553785348794,3.391284900380008e-05,-1.0,上修减速,6047.60986328125
2017-05-05,0.0142889707510416,0.0062052705129881005,-1.0,上修减速,6100.759765625
2017-05-12,0.0178564761268074,0.014606561291779202,1.0,上修加速,6121.22998046875
2017-05-19,0.0161341505127282,0.008490832311871699,1.0,上修加速,6083.7001953125
2017-05-26,0.0184441504746446,0.0088468554010643,1.0,上修加速,6210.18994140625
2017-06-02,0.0178814567772641,0.007817059441561601,1.0,上修加速,6305.7998046875
2017-06-09,0.0214815976981411,0.0268643683868654,1.0,上修加速,6207.919921875
2017-06-16,0.0187721702284042,0.0196465169775361,1.0,上修加速,6151.759765625
2017-06-23,0.0199704975692296,0.0115151190343502,1.0,上修加速,6265.25
2017-06-30,0.0221536281889062,0.007864657437864601,1.0,上修加速,6140.419921875
2017-07-07,0.0224134098494535,0.004556933722646098,1.0,上修加速,6153.080078125
2017-07-14,0.0303318662166573,0.014197715703929099,1.0,上修加速,6312.47021484375
2017-07-21,0.0224158100679148,0.003971659593270199,1.0,上修加速,6387.75
2017-07-28,0.021889824741255,0.0040083679639909,1.0,上修加速,6374.68017578125
2017-08-04,0.0147006081831237,-0.006780989515017398,1.0,上修加速,6351.56005859375
2017-08-11,0.0159638364922119,-0.0028083337361923012,1.0,上修加速,6256.56005859375
2017-08-18,0.0192134180784911,-0.0007570794907385027,1.0,上修加速,6216.52978515625
2017-08-25,0.0184835099334088,-0.003670118255497401,1.0,上修加速,6265.64013671875
2017-09-01,0.0205967803246812,-0.0018166295247722987,1.0,上修加速,6435.330078125
2017-09-08,0.022149804936848,-0.008182061279809298,1.0,上修加速,6360.18994140625
2017-09-15,0.0236237024625226,0.0012078923946078,1.0,上修加速,6448.47021484375
2017-09-22,0.0134632915137334,-0.0084265332275216,1.0,上修加速,6426.919921875
2017-09-29,0.0120699290810188,-0.0026306791021049013,1.0,上修加速,6495.9599609375
2017-10-06,0.0101088984076497,-0.005854938084562198,1.0,上修加速,6590.18017578125
2017-10-13,0.0168317530720862,-0.002381665006404899,1.0,上修加速,6605.7998046875
2017-10-20,0.0220293572893915,0.0035458473559826995,1.0,上修加速,6629.0498046875
2017-10-27,0.0148700501363131,-0.0057267301883681,1.0,上修加速,6701.259765625
2017-11-03,0.0179969674967105,-0.004152837440137499,1.0,上修加速,6764.43994140625
2017-11-10,0.0164366528810764,-0.007187049581446201,1.0,上修加速,6750.93994140625
2017-11-17,0.0140996471009055,0.0006363555871721008,1.0,上修加速,6782.7900390625
2017-11-24,0.0157070881234887,0.0036371590424699,1.0,上修加速,6889.16015625
2017-12-01,0.015728703843049,0.0056198054353992985,1.0,上修加速,6847.58984375
2017-12-08,0.0139476650182977,-0.0028840880537884996,1.0,上修加速,6840.080078125
2017-12-15,0.0170850551894989,-0.004944302099892599,1.0,上修加速,6936.580078125
2017-12-22,0.0231884577875733,0.0083184076512602,1.0,上修加速,6959.9599609375
2017-12-29,0.0293657211989362,0.0113687537022257,1.0,上修加速,6903.39013671875
2018-01-05,0.0393403300182697,0.0229036771371933,1.0,上修加速,7136.56005859375
2018-01-12,0.0437825601345219,0.0296829130336164,1.0,上修加速,7261.06005859375
2018-01-19,0.0498599543013246,0.0341528661778359,1.0,上修加速,7336.3798828125
2018-01-26,0.0638445068571508,0.0481158030141018,1.0,上修加速,7505.77001953125
2018-02-02,0.077705166191989,0.0637575011736913,1.0,上修加速,7240.9501953125
2018-02-09,0.0848245523079102,0.06773949711841129,1.0,上修加速,6874.490234375
2018-02-16,0.092128227337104,0.06893976954953071,1.0,上修加速,7239.47021484375
2018-02-23,0.0885254162899275,0.059159695090991296,1.0,上修加速,7337.39013671875
2018-03-02,0.0869176863475314,0.0475773563292617,1.0,上修加速,7257.8701171875
2018-03-09,0.0893861452526851,0.0456035851181632,1.0,上修加速,7560.81005859375
2018-03-16,0.0813311022194429,0.031471147918118295,1.0,上修加速,7481.990234375
2018-03-23,0.0811563447162586,0.017311837859107795,1.0,上修加速,6992.669921875
2018-03-30,0.0737770138588531,-0.003928152333135898,1.0,上修加速,7063.4501953125
2018-04-06,0.0602501044704285,-0.024574447837481694,-1.0,上修减速,6915.10986328125
2018-04-13,0.0561130368127283,-0.036015190524375705,-1.0,上修减速,7106.64990234375
2018-04-20,0.0433515530856248,-0.045173863204302694,-1.0,上修减速,7146.1298828125
2018-04-27,0.0374212953315734,-0.049496391015958,-1.0,上修减速,7119.7998046875
2018-05-04,0.0250377251676842,-0.0643484200850009,-1.0,上修减速,7209.6201171875
2018-05-11,0.0190192286076391,-0.06231187361180379,-1.0,上修减速,7402.8798828125
2018-05-18,0.0152332477303326,-0.065923096985926,-1.0,上修减速,7354.33984375
2018-05-25,0.0162065651034827,-0.0575704487553704,-1.0,上修减速,7433.85009765625
2018-06-01,0.0179465030146368,-0.0423036014557917,-1.0,上修减速,7554.330078125
2018-06-08,0.0123742119350046,-0.0437388248777237,-1.0,上修减速,7645.509765625
2018-06-15,0.0195018353716085,-0.0238497177140163,-1.0,上修减速,7746.3798828125
2018-06-22,0.019249051458087,-0.018172243873486402,-1.0,上修减速,7692.81982421875
2018-06-29,0.0186409705456094,-0.006396754622074799,-1.0,上修减速,7510.2998046875
2018-07-06,0.0224074342168998,0.0033882056092606992,-1.0,上修减速,7688.39013671875
2018-07-13,0.0135713819150117,-0.0016618658153208996,-1.0,上修减速,7825.97998046875
2018-07-20,0.022948541082262,0.006741975978779298,-1.0,上修减速,7820.2001953125
2018-07-27,0.0139324154059016,-0.004014087608735201,-1.0,上修减速,7737.419921875
2018-08-03,0.0177603671978982,0.005386155262893601,-1.0,上修减速,7812.009765625
2018-08-10,0.0167883426365565,-0.002713492735052,-1.0,上修减速,7839.10986328125
2018-08-17,0.0131765028110163,-0.006072548647070698,-1.0,上修减速,7816.330078125
2018-08-24,0.0117491011193376,-0.006891869426271801,-1.0,上修减速,7945.97998046875
2018-08-31,0.0091874639888326,-0.0132199702280672,-1.0,上修减速,8109.5400390625
2018-09-07,0.0076520751045069,-0.0059193068105048005,-1.0,上修减速,7902.5400390625
2018-09-14,0.006275988150754,-0.016672552931508,-1.0,上修减速,8010.0400390625
2018-09-21,0.0061281022128265,-0.0078043131930751,-1.0,上修减速,7986.9599609375
2018-09-28,0.0029305318916036,-0.0148298353062946,-1.0,上修减速,8046.35009765625
2018-10-05,0.0032648453000955,-0.013523497336461,-1.0,上修减速,7788.4501953125
2018-10-12,0.0053722882596445,-0.007804214551371801,-1.0,上修减速,7496.89013671875
2018-10-19,-0.0010054705571965,-0.0127545716765341,-1.0,下修加速,7449.02978515625
2018-10-26,0.0015890485019162,-0.0075984154869164,-1.0,上修减速,7167.2099609375
2018-11-02,-0.0006965752102413,-0.0083486503147482,-1.0,下修加速,7356.990234375
2018-11-09,-0.0053969066559199,-0.011672894806673901,-1.0,下修加速,7406.89990234375
2018-11-16,-0.0094861706625409,-0.015614272875367399,-1.0,下修加速,7247.8701171875
2018-11-23,-0.0084048954101341,-0.0113354273017377,-1.0,下修加速,6938.97998046875
2018-11-30,-0.010015025436824,-0.013279870736919499,-1.0,下修加速,7330.5400390625
2018-12-07,-0.0106296253123639,-0.0160019135720084,-1.0,下修加速,6969.25
2018-12-14,-0.0111570841692287,-0.0101516136120322,-1.0,下修加速,6910.66015625
2018-12-21,-0.0246112012813865,-0.0262002497833027,-1.0,下修加速,6332.990234375
2018-12-28,-0.0252342568463726,-0.0245376816361313,-1.0,下修加速,6584.52001953125
2019-01-04,-0.0274331650744009,-0.022036258418481003,-1.0,下修加速,6738.85986328125
2019-01-11,-0.0371259048904701,-0.027639734227929202,-1.0,下修加速,6971.47998046875
2019-01-18,-0.0372773106549293,-0.0288724152447952,-1.0,下修加速,7157.22998046875
2019-01-25,-0.0436961069309819,-0.033681081494157904,-1.0,下修加速,7164.85986328125
2019-02-01,-0.0461981616346946,-0.035568536322330695,-1.0,下修加速,7263.8701171875
2019-02-08,-0.0505417220223416,-0.0393846378531129,-1.0,下修加速,7298.2001953125
2019-02-15,-0.046141963540232,-0.0215307622588455,-1.0,下修加速,7472.41015625
2019-02-22,-0.0507602325424453,-0.0255259756960727,-1.0,下修加速,7527.5400390625
2019-03-01,-0.0473728557056711,-0.019939690631270202,-1.0,下修加速,7595.35009765625
2019-03-08,-0.045298138708939,-0.008172233818468898,-1.0,下修加速,7408.14013671875
2019-03-15,-0.0451978692032221,-0.007920558548292801,-1.0,下修加速,7688.52978515625
2019-03-22,-0.0369726515093166,0.006723455421665303,-1.0,下修加速,7642.669921875
2019-03-29,-0.032261435283155,0.0139367263515396,1.0,下修放缓,7729.31982421875
2019-04-05,-0.0337225621996202,0.016819159822721398,1.0,下修放缓,7938.68994140625
2019-04-12,-0.0213086384062807,0.024833325133951298,1.0,下修放缓,7984.16015625
2019-04-19,-0.02506057717429,0.0256996553681553,1.0,下修放缓,7998.06005859375
2019-04-26,-0.0122365092297153,0.0351363464759558,1.0,下修放缓,8146.39990234375
2019-05-03,-0.0192147226506334,0.026083416058305598,1.0,下修放缓,8164.0
2019-05-10,-0.0117607483958266,0.0334371208073955,1.0,下修放缓,7916.93994140625
2019-05-17,-0.0118876032470639,0.025085048262252697,1.0,下修放缓,7816.27978515625
2019-05-24,-0.0045171405600707,0.027744294723084297,1.0,下修放缓,7637.009765625
2019-05-31,-0.0074274695448827,0.0262950926547375,1.0,下修放缓,7453.14990234375
2019-06-07,-0.0063987951452999,0.014909843260980802,1.0,下修放缓,7742.10009765625
2019-06-14,-0.0108028975278928,0.0142576796463972,1.0,下修放缓,7796.66015625
2019-06-21,-0.0055406894349862,0.0066958197947291,1.0,下修放缓,8031.7099609375
2019-06-28,-0.0078363662377495,0.011378356412883902,1.0,下修放缓,8006.240234375
2019-07-05,-0.0075775878190952,0.0041831605767314005,1.0,下修放缓,8161.7900390625
2019-07-12,-0.0133528932789547,-0.0014652900318908,1.0,下修放缓,8244.1396484375
2019-07-19,-0.0073109373381001,-0.0027937967780294,1.0,下修放缓,8146.490234375
2019-07-26,-0.0191125103115738,-0.0116850407666911,-1.0,下修加速,8330.2099609375
2019-08-02,-0.0150432153223133,-0.0086444201770134,-1.0,下修加速,8004.06982421875
2019-08-09,-0.0161448851554589,-0.005341987627566101,-1.0,下修加速,7959.14013671875
2019-08-16,-0.01750364101345,-0.011962951578463797,-1.0,下修加速,7895.990234375
2019-08-23,-0.0224908706630413,-0.014654504425291799,-1.0,下修加速,7751.77001953125
2019-08-30,-0.0224922487341563,-0.014914660915061101,-1.0,下修加速,7962.8798828125
2019-09-06,-0.0176117799011866,-0.004258886622231898,-1.0,下修加速,8103.06982421875
2019-09-13,-0.0166318450461432,-0.0093209077080431,-1.0,下修加速,8176.7099609375
2019-09-20,-0.0208633334120148,-0.0017508231004409978,-1.0,下修加速,8117.669921875
2019-09-27,-0.0207419593351415,-0.005698744012828199,-1.0,下修加速,7939.6298828125
2019-10-04,-0.0238568135724983,-0.007711928417039399,-1.0,下修加速,7982.47021484375
2019-10-11,-0.0175385642104587,-3.4923197008700224e-05,-1.0,下修加速,8057.0400390625
2019-10-18,-0.0253639833014491,-0.002873112638407803,-1.0,下修加速,8089.5400390625
2019-10-25,-0.0181099216923184,0.0043823270418378996,-1.0,下修加速,8243.1201171875
2019-11-01,-0.0216808546808005,-0.0040690747796139,-1.0,下修加速,8386.400390625
2019-11-08,-0.0181754294670886,-0.0015435844209454007,-1.0,下修加速,8475.3095703125
2019-11-15,-0.0206002373023048,0.0002630961097099989,-1.0,下修加速,8540.830078125
2019-11-22,-0.0244358316594724,-0.0036938723243308998,-1.0,下修加速,8519.8798828125
2019-11-29,-0.0225609592583063,0.0012958543141920013,-1.0,下修加速,8665.4697265625
2019-12-06,-0.025627994952752,-0.008089430742293301,-1.0,下修加速,8656.5302734375
2019-12-13,-0.0199000676675496,0.005463915633899502,-1.0,下修加速,8734.8798828125
2019-12-20,-0.0184562298093776,-0.00034630811705919917,-1.0,下修加速,8924.9599609375
2019-12-27,-0.02062064593988,0.0010602087409204985,-1.0,下修加速,9006.6201171875
2020-01-03,-0.0159262158163867,0.002249213650701902,-1.0,下修加速,9020.76953125
2020-01-10,-0.0194998736296055,0.001100363672699299,-1.0,下修加速,9178.8603515625
2020-01-17,-0.0137252614562206,0.010710570203251798,1.0,下修放缓,9388.9404296875
2020-01-24,-0.0151066015578684,0.007454357700437899,1.0,下修放缓,9314.91015625
2020-01-31,-0.0141325488968242,0.0114954460559278,1.0,下修放缓,9150.9404296875
2020-02-07,-0.0208594310083216,-0.0009593633407720022,1.0,下修放缓,9520.509765625
2020-02-14,-0.015639950375049,0.0028162794343286023,1.0,下修放缓,9731.1796875
2020-02-21,-0.0123462178068882,0.0082744281329918,1.0,下修放缓,9576.58984375
2020-02-28,-0.0151591647077715,0.0007670511086151979,1.0,下修放缓,8567.3701171875
2020-03-06,-0.0200957585687403,-0.0005958849391347991,1.0,下修放缓,8575.6201171875
2020-03-13,-0.028861619466362,-0.015136358010141399,-1.0,下修加速,7874.8798828125
2020-03-20,-0.051120041277706,-0.0360134397198376,-1.0,下修加速,6879.52001953125
2020-03-27,-0.0720184262871067,-0.057885877390282496,-1.0,下修加速,7502.3798828125
2020-04-03,-0.0984275051114304,-0.0775680741031088,-1.0,下修加速,7373.080078125
2020-04-10,-0.1358117210241488,-0.12017177064909979,-1.0,下修加速,8153.580078125
2020-04-17,-0.1862247468343854,-0.1738785290274972,-1.0,下修加速,8650.1396484375
2020-04-24,-0.2203336025874737,-0.2051744378797022,-1.0,下修加速,8634.51953125
2020-05-01,-0.2378666379426592,-0.2177708793739189,-1.0,下修加速,8604.9501953125
2020-05-08,-0.2493119565059627,-0.22045033703960068,-1.0,下修加速,9121.3203125
2020-05-15,-0.255789704240518,-0.204669662962812,-1.0,下修加速,9014.5595703125
2020-05-22,-0.2546597619453273,-0.1826413356582206,-1.0,下修加速,9324.58984375
2020-05-29,-0.2487100330036234,-0.15028252789219299,-1.0,下修加速,9489.8701171875
2020-06-05,-0.2449213099523418,-0.109109588928193,-1.0,下修加速,9814.080078125
2020-06-12,-0.2338250382772594,-0.047600291442874004,-1.0,下修加速,9588.8095703125
2020-06-19,-0.205739241599595,0.014594360987878696,1.0,下修放缓,9946.1201171875
2020-06-26,-0.1839366038022822,0.053930034140377,1.0,下修放缓,9757.2197265625
2020-07-03,-0.149853485652139,0.0994584708538237,1.0,下修放缓,10207.6298828125
2020-07-10,-0.1080241217175493,0.1477655825229687,1.0,下修放缓,10617.4404296875
2020-07-17,-0.0515225199869384,0.2031372419583889,1.0,下修放缓,10503.1904296875
2020-07-24,-0.0077522592743084,0.240957773729315,1.0,下修放缓,10363.1796875
2020-07-31,0.0255764452261482,0.27049775517849,1.0,上修加速,10745.26953125
2020-08-07,0.05894402109519,0.2927690593724494,1.0,上修加速,11010.98046875
2020-08-14,0.0695845679606152,0.2753238095602102,1.0,上修加速,11019.2998046875
2020-08-21,0.0758852512524084,0.2598218550546906,1.0,上修加速,11311.7998046875
2020-08-28,0.07769625429295,0.22754973994508898,1.0,上修加速,11695.6298828125
2020-09-04,0.0827620349635206,0.1907861566810699,1.0,上修加速,11313.1298828125
2020-09-11,0.078957217660279,0.1304797376472174,1.0,上修加速,10853.5498046875
2020-09-18,0.0794306158650277,0.08718287513933609,1.0,上修加速,10793.2802734375
2020-09-25,0.0841416874680509,0.058565242241902696,1.0,上修加速,10913.5595703125
2020-10-02,0.0855114711846387,0.026567450089448698,1.0,上修加速,11075.01953125
2020-10-09,0.0881400616277459,0.018555493667130704,1.0,上修加速,11579.9404296875
2020-10-16,0.0872483376697916,0.011363086417383206,1.0,上修加速,11671.5595703125
2020-10-23,0.0813127294573672,0.003616475164417196,1.0,上修加速,11548.2802734375
2020-10-30,0.0781191041537536,-0.004642930809766993,1.0,上修加速,10911.58984375
2020-11-06,0.071458421974956,-0.007498795685322995,1.0,上修加速,11895.23046875
2020-11-13,0.0728066658353529,-0.006623950029674794,1.0,上修加速,11829.2900390625
2020-11-20,0.074592100701027,-0.009549586767023902,1.0,上修加速,11854.9697265625
2020-11-27,0.0733054138085216,-0.012206057376117102,-1.0,上修减速,12205.849609375
2020-12-04,0.0730114299108431,-0.015128631716902805,-1.0,上修减速,12464.23046875
2020-12-11,0.075456470756023,-0.0117918669137686,-1.0,上修减速,12377.8701171875
2020-12-18,0.0754200324450092,-0.005892697012358006,-1.0,上修减速,12755.6396484375
2020-12-25,0.0706950380881241,-0.007424066065629509,-1.0,上修减速,12804.73046875
2021-01-01,0.0626007725670744,-0.008857649407881599,-1.0,上修减速,12888.2802734375
2021-01-08,0.0566475323795898,-0.016159133455763107,-1.0,上修减速,13201.98046875
2021-01-15,0.0573000823653394,-0.017292018335687595,-1.0,上修减速,12998.5
2021-01-22,0.0627136416553091,-0.010591772153212498,-1.0,上修减速,13543.0595703125
2021-01-29,0.067536145803432,-0.005475284107411105,-1.0,上修减速,13070.6904296875
2021-02-05,0.0691495362799463,-0.006306934476076706,-1.0,上修减速,13856.2998046875
2021-02-12,0.0641097767664248,-0.011310255678584388,-1.0,上修减速,14095.4697265625
2021-02-19,0.0602477086744948,-0.010447329413629296,-1.0,上修减速,13874.4599609375
2021-02-26,0.0612809588502678,-0.0013198137168066032,-1.0,上修减速,13192.349609375
2021-03-05,0.0593888969361829,0.002741364556593101,-1.0,上修减速,12920.150390625
2021-03-12,0.0618597989872357,0.004559716621896297,-1.0,上修减速,13319.8603515625
2021-03-19,0.0594896251168412,-0.0032240165384678984,-1.0,上修减速,13215.240234375
2021-03-26,0.0630437529038993,-0.004492392899532696,-1.0,上修减速,13138.73046875
2021-04-02,0.0656984497544444,-0.003451086525501898,-1.0,上修减速,13480.1103515625
2021-04-09,0.0742272860115316,0.010117509245106793,1.0,上修加速,13900.1904296875
2021-04-16,0.0807476036688856,0.020499894994390803,1.0,上修加速,14052.33984375
2021-04-23,0.0614551402114579,0.00017418136119010108,1.0,上修加速,14016.8095703125
2021-04-30,0.0877870924062111,0.028398195470028205,1.0,上修加速,13962.6796875
2021-05-07,0.0905558080995044,0.02869600911226871,1.0,上修加速,13752.240234375
2021-05-14,0.0945076591285122,0.035018034011670994,1.0,上修加速,13429.98046875
2021-05-21,0.0919619589080764,0.028918206004177105,1.0,上修加速,13470.990234375
2021-05-28,0.0922954587915153,0.026597009037070893,1.0,上修加速,13748.740234375
2021-06-04,0.0955344012629183,0.021307115251386705,1.0,上修加速,13814.490234375
2021-06-11,0.0894935422439592,0.008745938575073595,1.0,上修加速,14069.419921875
2021-06-18,0.0907709030600151,0.029315762848557206,1.0,上修加速,14030.3798828125
2021-06-25,0.0920240246337047,0.004236932227493592,1.0,上修加速,14360.3896484375
2021-07-02,0.094077285012134,0.0035214769126295925,1.0,上修加速,14639.330078125
2021-07-09,0.0856489133060873,-0.008858745822424893,1.0,上修加速,14701.919921875
2021-07-16,0.0810237694224578,-0.010938189485618602,-1.0,上修减速,14427.240234375
2021-07-23,0.0956314542951795,0.003335995503664202,-1.0,上修减速,14836.990234375
2021-07-30,0.0708337836239751,-0.024700617638943198,-1.0,上修减速,14672.6796875
2021-08-06,0.0615216427777043,-0.027971899466254897,-1.0,上修减速,14835.759765625
2021-08-13,0.0617035455486385,-0.029067357511376603,-1.0,上修减速,14822.900390625
2021-08-20,0.0621700951803414,-0.029853929453363293,-1.0,上修减速,14714.66015625
2021-08-27,0.0579756555922464,-0.0361016294198876,-1.0,上修减速,15129.5
2021-09-03,0.0538256303725864,-0.0318232829335009,-1.0,上修减速,15363.51953125
2021-09-10,0.0565712609596817,-0.0244525084627761,-1.0,上修减速,15115.490234375
2021-09-17,0.0519631556539009,-0.043668298641278594,-1.0,上修减速,15043.9697265625
2021-09-24,0.0461899872248237,-0.024643796399151402,-1.0,上修减速,15047.7001953125
2021-10-01,0.0432112032094873,-0.018310439568217,-1.0,上修减速,14566.7001953125
2021-10-08,0.044255542154041,-0.017448003394597504,-1.0,上修减速,14579.5400390625
2021-10-15,0.0535485006562832,-0.008621594524058203,-1.0,上修减速,14897.33984375
2021-10-22,0.0377910358907109,-0.020184619701535497,-1.0,上修减速,15090.2001953125
2021-10-29,0.0265968868383518,-0.027228743534234597,-1.0,上修减速,15498.3896484375
2021-11-05,0.0233883748132619,-0.0331828861464198,-1.0,上修减速,15971.58984375
2021-11-12,0.0189665520441256,-0.0329966036097753,-1.0,上修减速,15860.9599609375
2021-11-19,0.0187464198736351,-0.027443567351188605,-1.0,上修减速,16057.4404296875
2021-11-26,0.0192835271249803,-0.023927676084507,-1.0,上修减速,15491.66015625
2021-12-03,0.0198032849130213,-0.0244522572410197,-1.0,上修减速,15085.4697265625
2021-12-10,0.0150265886038549,-0.0385219120524283,-1.0,上修减速,15630.599609375
2021-12-17,0.0100052007830339,-0.027785835107677,-1.0,上修减速,15169.6796875
2021-12-24,0.0149123606909489,-0.011684526147402901,-1.0,上修减速,15653.3701171875
2021-12-31,0.0170086594915014,-0.006379715321760498,-1.0,上修减速,15644.9697265625
2022-01-07,0.0195744964570857,0.0006079444129600993,-1.0,上修减速,14935.900390625
2022-01-14,0.0049757897321134,-0.0137706301415217,-1.0,上修减速,14893.75
2022-01-21,0.0167895124894969,-0.002494014635483398,-1.0,上修减速,13768.919921875
2022-01-28,0.0139929583594689,-0.005810326553552398,-1.0,上修减速,13770.5703125
2022-02-04,0.0183279505333515,0.0033013619294966004,-1.0,上修减速,14098.009765625
2022-02-11,0.0210183270865352,0.011013126303501299,1.0,上修加速,13791.150390625
2022-02-18,0.0160665240367312,0.0011541633457823,1.0,上修加速,13548.0703125
2022-02-25,0.0124296083530373,-0.0045790511384641,1.0,上修加速,13694.6201171875
2022-03-04,0.0156609135283967,-0.0039135829286889995,1.0,上修加速,13313.4404296875
2022-03-11,0.0179137598836538,0.012937970151540402,1.0,上修加速,12843.8095703125
2022-03-18,0.0252325438963923,0.0084430314068954,1.0,上修加速,13893.83984375
2022-03-25,0.0241225647136332,0.0101296063541643,1.0,上修加速,14169.2998046875
2022-04-01,0.021806275958493,0.0034783254251414993,1.0,上修加速,14261.5
2022-04-08,0.026055810730695,0.005037483644159801,1.0,上修加速,13711.0
2022-04-15,0.020010109589436,0.0039435855527048015,1.0,上修加速,13351.080078125
2022-04-22,0.0260707266306948,0.0136411182776575,1.0,上修加速,12839.2900390625
2022-04-29,0.0256581782148841,0.0099972646864874,1.0,上修加速,12334.6396484375
2022-05-06,0.0114849494842182,-0.006428810399435601,1.0,上修加速,12144.66015625
2022-05-13,0.010216729875583,-0.015015814020809301,-1.0,上修减速,11805.0
2022-05-20,0.016874442424468,-0.007248122289165201,-1.0,上修减速,11354.6201171875
2022-05-27,0.0145278405778088,-0.007278435380684201,-1.0,上修减速,12131.1298828125
2022-06-03,0.0134753176525614,-0.0125804930781336,-1.0,上修减速,12012.73046875
2022-06-10,0.0128520701764414,-0.007158039412994602,-1.0,上修减速,11340.01953125
2022-06-17,0.0117637097068797,-0.014307016923815101,-1.0,上修减速,10798.349609375
2022-06-24,0.010374926728798,-0.0152832514860861,-1.0,上修减速,11607.6201171875
2022-07-01,0.0052382965204104,-0.0062466529638078,-1.0,上修减速,11127.849609375
2022-07-08,-0.0043255397340605,-0.014542269609643499,-1.0,下修加速,11635.3095703125
2022-07-15,-0.0008304614159517,-0.0177049038404197,-1.0,下修加速,11452.419921875
2022-07-22,-0.0120095631045009,-0.0265374036823097,-1.0,下修加速,11834.1103515625
2022-07-29,-0.0203187868499238,-0.0337941045024852,-1.0,下修加速,12390.6904296875
2022-08-05,-0.0187271315392863,-0.0315792017157277,-1.0,下修加速,12657.5498046875
2022-08-12,-0.0231787329063664,-0.0349424426132461,-1.0,下修加速,13047.1904296875
2022-08-19,-0.0274622929018645,-0.0378372196306625,-1.0,下修加速,12705.2197265625
2022-08-26,-0.024800175863314,-0.0300384723837244,-1.0,下修加速,12141.7099609375
2022-09-02,-0.0302695767916229,-0.0259440370575624,-1.0,下修加速,11630.8603515625
2022-09-09,-0.0283234831687954,-0.0274930217528437,-1.0,下修加速,12112.3095703125
2022-09-16,-0.0328884702322593,-0.020878907127758396,-1.0,下修加速,11448.400390625
2022-09-23,-0.0352208841851449,-0.0149020973352211,-1.0,下修加速,10867.9296875
2022-09-30,-0.0341775334659908,-0.015450401926704497,-1.0,下修加速,10575.6201171875
2022-10-07,-0.0352467312605666,-0.0120679983542002,-1.0,下修加速,10652.400390625
2022-10-14,-0.0380558031318339,-0.010593510229969398,-1.0,下修加速,10321.3896484375
2022-10-21,-0.0436758992388724,-0.018875723375558397,-1.0,下修加速,10859.7197265625
2022-10-28,-0.0440358003593068,-0.013766223567683901,-1.0,下修加速,11102.4501953125
2022-11-04,-0.0509870585076986,-0.0226635753389032,-1.0,下修加速,10475.25
2022-11-11,-0.0496887416810866,-0.0168002714488273,-1.0,下修加速,11323.330078125
2022-11-18,-0.0550407736694929,-0.019819889484348,-1.0,下修加速,11146.0595703125
2022-11-25,-0.0519721842168025,-0.0177946507508117,-1.0,下修加速,11226.3603515625
2022-12-02,-0.0489205296290646,-0.013673798368498004,-1.0,下修加速,11461.5
2022-12-09,-0.0519341127771413,-0.013878309645307403,-1.0,下修加速,11004.6201171875
2022-12-16,-0.0529541005964045,-0.009278201357532101,-1.0,下修加速,10705.41015625
2022-12-23,-0.0527687000416394,-0.008732899682332602,-1.0,下修加速,10497.8603515625
2022-12-30,-0.0509561729381657,3.0885569532901336e-05,-1.0,下修加速,10466.48046875
2023-01-06,-0.0491212511511303,0.000567490529956298,-1.0,下修加速,10569.2900390625
2023-01-13,-0.0503735058181762,0.0046672678513167,-1.0,下修加速,11079.16015625
2023-01-20,-0.0464933974516587,0.005478786765143795,-1.0,下修加速,11140.4296875
2023-01-27,-0.0456351048689834,0.0032854247600812014,-1.0,下修加速,11621.7099609375
2023-02-03,-0.0386989018681479,0.013235210908993399,1.0,下修放缓,12006.9501953125
2023-02-10,-0.0417567916316025,0.011197308964801998,1.0,下修放缓,11718.1201171875
2023-02-17,-0.0341247861910774,0.018643913850562,1.0,下修放缓,11787.26953125
2023-02-24,-0.0396439869588986,0.0113121859792671,1.0,下修放缓,11394.9404296875
2023-03-03,-0.0389688243503433,0.010152426800786998,1.0,下修放缓,11689.009765625
2023-03-10,-0.0381997642783825,0.012173741539793698,1.0,下修放缓,11138.8896484375
2023-03-17,-0.0354101497445285,0.011083247707130199,1.0,下修放缓,11630.509765625
2023-03-24,-0.0353390762840063,0.0102960285849771,1.0,下修放缓,11823.9599609375
2023-03-31,-0.0354046450046949,0.003294256863452999,1.0,下修放缓,12221.91015625
2023-04-07,-0.037028370932065,0.004728420699537501,1.0,下修放缓,12087.9599609375
2023-04-14,-0.0382199371593503,-0.004095150968272898,1.0,下修放缓,12123.4697265625
2023-04-21,-0.0337528264045138,0.005891160554384801,1.0,下修放缓,12072.4599609375
2023-04-28,-0.0227331576493414,0.0162356667010019,1.0,下修放缓,12226.580078125
2023-05-05,-0.0156886473070663,0.022511116971316202,1.0,下修放缓,12235.41015625
2023-05-12,-0.0152978936535381,0.020112256090990405,1.0,下修放缓,12284.740234375
2023-05-19,-0.0194602294408303,0.015878846843176003,1.0,下修放缓,12657.900390625
2023-05-26,-0.0020320638495098,0.0333725811551851,1.0,下修放缓,12975.6904296875
2023-06-02,-0.0117200219498828,0.025308348982182198,1.0,下修放缓,13240.76953125
2023-06-09,-0.0151398263831232,0.023080110776227097,1.0,下修放缓,13259.1396484375
2023-06-16,-0.013665070964757,0.0200877554397568,1.0,下修放缓,13689.5703125
2023-06-23,-0.0129007994443805,0.0098323582049609,1.0,下修放缓,13492.51953125
2023-06-30,-0.0160999659390387,-0.0004113186319723988,1.0,下修放缓,13787.919921875
2023-07-07,-0.0122829844055533,0.0030149092479848007,1.0,下修放缓,13660.7197265625
2023-07-14,-0.0120117977347269,0.007448431706103398,1.0,下修放缓,14113.7001953125
2023-07-21,-0.0158470731515641,-0.013815009302054301,-1.0,下修加速,14032.8095703125
2023-07-28,-0.0171855426857568,-0.005465520735874,-1.0,下修加速,14316.66015625
2023-08-04,-0.0189591538220204,-0.003819327438897199,-1.0,下修加速,13909.240234375
2023-08-11,-0.0131991874036288,0.00046588356112819973,-1.0,下修加速,13644.849609375
2023-08-18,-0.0069569115817019,0.0059438878626786006,-1.0,下修加速,13290.7802734375
2023-08-25,-0.0176054484222007,-0.0015054824831620024,-1.0,下修加速,13590.650390625
2023-09-01,-0.0073458541312864,0.0049371302742669,-1.0,下修加速,14031.8095703125
2023-09-08,-0.0084430224379962,0.0035687752967307005,-1.0,下修加速,13761.5302734375
2023-09-15,-0.008879102279033,0.006967970872531102,-1.0,下修加速,13708.330078125
2023-09-22,-0.00676344103101,0.0104221016547468,1.0,下修放缓,13211.8095703125
2023-09-29,-0.005875795408867,0.0130833584131534,1.0,下修放缓,13219.3203125
2023-10-06,-0.0073934269408336,0.0058057604627952,1.0,下修放缓,13431.33984375
2023-10-13,-0.006264057961552,0.0006928536201498995,1.0,下修放缓,13407.23046875
2023-10-20,0.0017103126982289,0.0193157611204296,1.0,上修加速,12983.8095703125
2023-10-27,-0.0026415362891983,0.0047043178420881,1.0,下修放缓,12643.009765625
2023-11-03,-0.0021885882928841,0.006254434145112099,1.0,下修放缓,13478.2802734375
2023-11-10,-0.0118737077716105,-0.0029946054925775005,1.0,下修放缓,13798.1103515625
2023-11-17,-0.0135599370450923,-0.0067964960140823,1.0,下修放缓,14125.48046875
2023-11-24,-0.0148511615716467,-0.008975366162779701,1.0,下修放缓,14250.849609375
2023-12-01,-0.0161216444521759,-0.008728217511342298,1.0,下修放缓,14305.0302734375
2023-12-08,-0.0152701985287069,-0.009006140567154899,1.0,下修放缓,14403.9697265625
2023-12-15,-0.0136056684313128,-0.0153159811295417,-1.0,下修加速,14813.919921875
2023-12-22,-0.0175272602268394,-0.0148857239376411,-1.0,下修加速,14992.9697265625
2023-12-29,-0.0161199100979935,-0.0139313218051094,-1.0,下修加速,15011.349609375
2024-01-05,-0.0177644268784038,-0.005890719106793301,-1.0,下修加速,14524.0703125
2024-01-12,-0.0124653264697975,0.0010946105752948007,-1.0,下修加速,14972.759765625
2024-01-19,-0.0177211596976601,-0.0028699981260133997,-1.0,下修加速,15310.9697265625
2024-01-26,-0.020295982293949,-0.004174337841773103,-1.0,下修加速,15455.3603515625
2024-02-02,-0.0200200819694813,-0.0047498834407743995,-1.0,下修加速,15628.9501953125
2024-02-09,-0.0116221206874631,0.0019835477438496993,-1.0,下修加速,15990.66015625
2024-02-16,-0.0133610736716074,0.0041661865552320015,-1.0,下修加速,15775.650390625
2024-02-23,-0.0129438051884142,0.0031761049095793,-1.0,下修加速,15996.8203125
2024-03-01,-0.0125223444376346,0.005242082440769201,-1.0,下修加速,16274.9404296875
2024-03-08,-0.0081830909603185,0.0042822355094789995,-1.0,下修加速,16085.1103515625
2024-03-15,-0.0069556698347423,0.0107654898629178,1.0,下修放缓,15973.169921875
2024-03-22,-0.0063530258700765,0.0139429564238725,1.0,下修放缓,16428.8203125
2024-03-29,-0.001020602043957,0.0189994799255243,1.0,下修放缓,16379.4599609375
2024-04-05,-0.0004132457648422,0.0112088749226209,1.0,下修放缓,16248.51953125
2024-04-12,0.0012642600285159,0.014625333700123299,1.0,上修加速,16175.08984375
2024-04-19,-0.000731518354524,0.0122122868338902,1.0,下修放缓,15282.009765625
2024-04-26,0.0038484659798332,0.0163708104174678,1.0,上修加速,15927.900390625
2024-05-03,0.0099505382018708,0.018133629162189302,1.0,上修加速,16156.330078125
2024-05-10,0.0110878552913575,0.0180435251260998,1.0,上修加速,16340.8701171875
2024-05-17,0.0112683663761336,0.0176213922462101,1.0,上修加速,16685.970703125
2024-05-24,0.0118916991110004,0.0129123011549574,1.0,上修加速,16920.7890625
2024-05-31,0.0120128708956272,0.012426116660469399,1.0,上修加速,16735.01953125
2024-06-07,0.0125990716503105,0.0113348116217946,1.0,上修加速,17133.130859375
2024-06-14,0.0101026985383736,0.0108342168928976,1.0,上修加速,17688.880859375
2024-06-21,0.0121303955711816,0.008281929591348401,1.0,上修加速,17689.359375
2024-06-28,0.0094463879481252,-0.0005041502537455993,1.0,上修加速,17732.599609375
2024-07-05,0.0115053978924034,0.00041754260104590046,1.0,上修加速,18352.759765625
2024-07-12,0.0109784196759113,-0.00028994670022229954,1.0,上修加速,18398.44921875
2024-07-19,0.0158119572335256,0.0039202581225251994,1.0,上修加速,17726.939453125
2024-07-26,0.0160302539613211,0.004017383065693901,1.0,上修加速,17357.880859375
2024-08-02,0.0120912421733811,-0.0005078294769294001,1.0,上修加速,16776.16015625
2024-08-09,0.0088107645691185,-0.0012919339692551001,1.0,上修加速,16745.30078125
2024-08-16,0.0102876785646833,-0.0018427170064983008,1.0,上修加速,17631.720703125
2024-08-23,0.0104444855391621,0.0009980975910368999,1.0,上修加速,17877.7890625
2024-08-30,0.0110820610703212,-0.0004233368220822008,1.0,上修加速,17713.619140625
2024-09-06,0.0126558181199309,0.001677398444019599,1.0,上修加速,16690.830078125
2024-09-13,0.0145001167410684,-0.0013118404924572,1.0,上修加速,17683.98046875
2024-09-20,0.0104835625285023,-0.005546691432818801,1.0,上修加速,17948.3203125
2024-09-27,0.0055133802075989,-0.0065778619657822,1.0,上修加速,18119.58984375
2024-10-04,0.0056657790080469,-0.0031449855610715992,1.0,上修加速,18137.849609375
2024-10-11,0.002387954558175,-0.0078997240065083,1.0,上修加速,18342.939453125
2024-10-18,0.0011969742998427,-0.009247511239319401,1.0,上修加速,18489.55078125
2024-10-25,0.0030646373218207,-0.008017423748500499,1.0,上修加速,18518.609375
2024-11-01,-0.0002253881539712,-0.0128812062739021,-1.0,下修加速,18239.919921875
2024-11-08,0.005006308800901,-0.009493807940167399,-1.0,上修减速,19286.779296875
2024-11-15,0.0063354411950376,-0.0041481213334647,-1.0,上修减速,18680.119140625
2024-11-22,0.002308209067705,-0.0032051711398939,-1.0,上修减速,19003.650390625
2024-11-29,0.0021483571976555,-0.0035174218103914,-1.0,上修减速,19218.169921875
2024-12-06,0.0019965195245846,-0.00039143503359039987,-1.0,上修减速,19859.76953125
2024-12-13,0.001383173404394,0.00018619910455129987,-1.0,上修减速,19926.720703125
2024-12-20,0.0059584769950891,0.0028938396732684003,-1.0,上修减速,19572.599609375
2024-12-27,0.0114818039793069,0.0117071921332781,1.0,上修加速,19722.029296875
2025-01-03,0.0118769811474788,0.0068706723465778,1.0,上修加速,19621.6796875
2025-01-10,0.0150093664254384,0.0086739252304008,1.0,上修加速,19161.630859375
2025-01-17,0.0128279424206733,0.0105197333529683,1.0,上修加速,19630.19921875
2025-01-24,0.0117767391717086,0.0096283819740531,1.0,上修加速,19954.30078125
2025-01-31,0.0125925092583245,0.0105959897337399,1.0,上修加速,19627.439453125
2025-02-07,0.0042637410753839,0.0028805676709899005,1.0,上修加速,19523.400390625
2025-02-14,0.0014164201629371,-0.004542056832152,1.0,上修加速,20026.76953125
2025-02-21,0.0034958429874065,-0.007985960991900399,1.0,上修加速,19524.009765625
2025-02-28,0.0017177234637905,-0.0101592576836883,-1.0,上修减速,18847.279296875
2025-03-07,0.0007427694963418,-0.0142665969290966,-1.0,上修减速,18196.220703125
2025-03-14,0.0002856870600773,-0.012542255360596,-1.0,上修减速,17754.08984375
2025-03-21,0.0014381065513509,-0.0103386326203577,-1.0,上修减速,17784.05078125
2025-03-28,-0.0018077771518982,-0.014400286410222701,-1.0,下修加速,17322.990234375
2025-04-04,-0.0016955471743755,-0.005959288249759401,-1.0,下修加速,15587.7900390625
2025-04-11,-0.0084951882400881,-0.009911608403025199,-1.0,下修加速,16724.4609375
2025-04-18,-0.0054014111246603,-0.0088972541120668,-1.0,下修加速,16286.4501953125
2025-04-25,-0.0102130127457409,-0.0119307362095314,-1.0,下修加速,17382.939453125
2025-05-02,-0.0096428898546349,-0.0103856593509767,-1.0,下修加速,17977.73046875
2025-05-09,-0.0110600523885925,-0.0113457394486698,-1.0,下修加速,17928.919921875
2025-05-16,-0.0107901195348353,-0.0122282260861862,-1.0,下修加速,19211.099609375
2025-05-23,-0.0110597047371007,-0.0092519275852025,-1.0,下修加速,18737.2109375
2025-05-30,-0.0101850879723944,-0.0084895407980189,-1.0,下修加速,19113.76953125
2025-06-06,-0.0084653518005285,2.9836439559598887e-05,-1.0,下修加速,19529.94921875
2025-06-13,-0.0050041339090413,0.00039727721561900065,-1.0,下修加速,19406.830078125
2025-06-20,-0.006521259869698,0.0036917528760429,-1.0,下修加速,19447.41015625
2025-06-27,-0.0036463456005997,0.0059965442540351995,-1.0,下修加速,20273.4609375
2025-07-04,-0.0047736269717976,0.006286425416794899,-1.0,下修加速,20601.099609375
2025-07-11,0.0025342379288119,0.0133243574636472,1.0,上修加速,20585.529296875
2025-07-18,0.0083336105910517,0.019393315328152402,1.0,上修加速,20895.650390625
2025-07-25,0.0121434247286813,0.0223285127010757,1.0,上修加速,21108.3203125
2025-08-01,0.0156973810632927,0.0241627328638212,1.0,上修加速,20650.130859375
2025-08-08,0.0242858788751689,0.0292900127842102,1.0,上修加速,21450.01953125
2025-08-15,0.0272562553627983,0.0337775152324963,1.0,上修加速,21622.98046875
2025-08-22,0.0295132717151086,0.0331596173157083,1.0,上修加速,21496.5390625
2025-08-29,0.03060403385266,0.035377660824457605,1.0,上修加速,21455.55078125
2025-09-05,0.0396689647976375,0.0371347268688256,1.0,上修加速,21700.390625
2025-09-12,0.0303136289337558,0.021980018342704098,1.0,上修加速,22141.099609375
2025-09-19,0.0312974868070574,0.0191540620783761,1.0,上修加速,22631.48046875
2025-09-26,0.0302791553751538,0.014581774311861098,1.0,上修加速,22484.0703125
2025-10-03,0.0329381516561171,0.008652272780948198,1.0,上修加速,22780.509765625
2025-10-10,0.0315248472708091,0.004268591908010801,1.0,上修加速,22204.4296875
2025-10-17,0.0257788360213388,-0.0037344356937697998,1.0,上修加速,22679.970703125
2025-10-24,0.026977054501357,-0.0036269793513029995,1.0,上修加速,23204.869140625
2025-10-31,0.0271186638514149,-0.012550300946222597,-1.0,上修减速,23724.9609375
2025-11-07,0.0136091378117702,-0.0167044911219856,-1.0,上修减速,23004.5390625
2025-11-14,0.0251757344855565,-0.0061217523215009,-1.0,上修减速,22900.58984375
2025-11-21,0.0318709828054304,0.001591827430276603,-1.0,上修减速,22273.080078125
2025-11-28,0.0307439302466341,-0.002194221409482996,-1.0,上修减速,23365.689453125
2025-12-05,0.0200009200588217,-0.0115239272119874,-1.0,上修减速,23578.130859375
2025-12-12,0.0263622233188868,0.0005833872975479978,-1.0,上修减速,23195.169921875
2025-12-19,0.0367388196746808,0.009761765173323802,-1.0,上修减速,23307.619140625
2025-12-26,0.0369569363200022,0.0098382724685873,-1.0,上修减速,23593.099609375
2026-01-02,0.0341188178506092,0.020509680038838997,1.0,上修加速,23235.630859375
2026-01-09,0.0317218571233828,0.006546122637826304,1.0,上修加速,23671.349609375
2026-01-16,0.0326684421964595,0.0007974593910290984,1.0,上修加速,23515.390625
2026-01-23,0.0291187919471071,-0.001625138299527002,1.0,上修加速,23501.240234375
2026-01-30,0.0263972607086026,0.0063963406497809,1.0,上修加速,23461.8203125
2026-02-06,0.0416461397046762,0.015283916385789399,1.0,上修加速,23031.2109375
2026-02-13,0.0302913388041743,-0.006447480870506502,1.0,上修加速,22546.669921875
2026-02-20,0.0220009017989347,-0.014956034521067502,-1.0,上修减速,22886.0703125
2026-02-27,0.0215239440774677,-0.012594873773141498,-1.0,上修减速,22668.2109375
2026-03-06,0.0251717378015585,-0.006550119321824303,-1.0,上修减速,22387.6796875
2026-03-13,0.0289954595713024,-0.0036729826251571014,-1.0,上修减速,22105.359375
2026-03-20,0.0219753342435787,-0.007143457703528398,-1.0,上修减速,21647.609375
2026-03-27,0.0178787496879251,-0.008518511020677497,-1.0,上修减速,20948.359375
2026-04-03,0.036490281656725,-0.005155858047951198,-1.0,上修减速,21879.1796875
2026-04-10,0.042249480452753,0.0119581416485787,1.0,上修加速,22902.890625
2026-04-17,0.0454263505361344,0.0234254487371997,1.0,上修加速,24468.48046875
2026-04-24,0.0543334659648895,0.0328095218874218,1.0,上修加速,24836.599609375
2026-05-01,0.0643695854180304,0.039197847616471895,1.0,上修加速,25114.439453125
2026-05-08,0.0694405467207168,0.0404450871494144,1.0,上修加速,26247.080078125
2026-05-15,0.0670876196411695,0.045112285397590796,1.0,上修加速,26225.140625
2026-05-22,0.0682511457934645,0.050372396105539397,1.0,上修加速,26343.970703125
2026-05-29,0.0773056585372159,0.040815376880490896,1.0,上修加速,26972.619140625
2026-06-05,0.0768717095136755,0.0346222290609225,1.0,上修加速,25709.4296875
2026-06-12,0.0932835768313045,0.047857226295170106,1.0,上修加速,25888.83984375
2026-06-19,0.0835292464674129,0.029195780502523402,1.0,上修加速,26517.9296875
2026-06-26,0.0830279853939125,0.018658399975882103,1.0,上修加速,25297.619140625
2026-07-03,0.0644704162021139,-0.0049701305186029,1.0,上修加速,25832.669921875
2026-07-10,0.0598117097828511,-0.007275909858318393,1.0,上修加速,26281.609375
2026-07-17,0.0608472787500688,-0.007403867043395698,1.0,上修加速,25520.240234375
2026-07-24,0.0440070620535632,-0.033298596483652694,-1.0,上修减速,24975.8203125
2026-07-31,0.0587147050348672,-0.018157004478808303,-1.0,上修减速,25373.849609375
2026-08-07,0.0611600541312519,-0.03212352270005261,-1.0,上修减速,26690.619140625
2026-08-14,0.065146585941024,-0.0183826605263889,-1.0,上修减速,26729.16015625
2026-08-21,0.0673898335109212,-0.015638151882991294,-1.0,上修减速,26180.4609375
2026-08-28,0.0617179536628728,-0.0027524625392411003,-1.0,上修减速,26402.419921875
2026-09-04,0.0610992947706405,0.0012875849877894002,-1.0,上修减速,26506.990234375
2026-09-11,0.0378490439144051,-0.022998234835663704,-1.0,上修减速,26333.0390625
2026-09-18,0.0460932659971816,0.0020862039436184004,-1.0,上修减速,26522.5390625
2026-09-25,0.0517003635496576,-0.007014341485209595,-1.0,上修减速,27068.720703125
