,eps_raw,ok,eps_final,flag,x13_final,r13,x13,a4,a8,a13
2011-04-01,101.21,True,101.21,,,,,,,
2011-04-08,101.79,True,101.79,,,,,,,
2011-04-15,100.35,True,100.35,,,,,,,
2011-04-22,102.34,True,102.34,,,,,,,
2011-04-29,103.85,True,103.85,,,,,,,
2011-05-06,101.92,True,101.92,,,,,,,
2011-05-13,102.95,True,102.95,,,,,,,
2011-05-20,104.97,True,104.97,,,,,,,
2011-05-27,101.98,False,105.425,待核实：远期 EPS 单周 -2.9%（104.97 → 101.98）；06-03 离原值更近 → 判笔误作废,,,,,,
2011-06-03,105.88,True,105.88,,,,,,,
2011-06-10,105.66,True,105.66,,,,,,,
2011-06-17,105.64,True,105.64,,,,,,,
2011-06-24,103.51,False,105.94333333333333,待核实：远期 EPS 单周 -2.0%（105.64 → 103.51）；07-08 离原值更近 → 判笔误作废,,,,,,
2011-07-01,,False,106.24666666666667,,,,,,,
2011-07-08,106.55,True,106.55,,,0.045702491080377605,,,,
2011-07-15,105.55,True,105.55,,,0.05052069905198309,,,,
2011-07-22,106.65,True,106.65,,,0.04125184154041328,,,,
2011-07-29,106.61,True,106.61,,,0.026229765640262137,,,,
2011-08-05,107.15,True,107.15,,,0.05004153009573287,,,,
2011-08-12,107.58,True,107.58,,,0.04399132337129785,,,,
2011-08-19,102.76,False,107.46000000000001,待核实：远期 EPS 单周 -4.6%（107.58 → 102.76）；08-26 离原值更近 → 判笔误作废,,,,,,
2011-08-26,107.34,True,107.34,,,0.018001567116058936,,,,
2011-09-02,107.54,True,107.54,,,0.015556494022631817,,,,
2011-09-09,107.81,True,107.81,,,0.020144026814857163,,,,
2011-09-16,107.0,True,107.0,,,0.012791747032974143,,,,
2011-09-23,107.58,True,107.58,,,0.015330396872817786,,,,
2011-09-30,107.44,True,107.44,,,0.01116911745160376,,,,
2011-10-07,106.88,True,106.88,,,0.0030923512437093237,,,,
2011-10-14,106.52,True,106.52,,,0.00914798665140193,,,,
2011-10-21,,False,106.34,,,,,,,
2011-10-28,,False,106.16,,,,,,,
2011-11-04,105.98,True,105.98,,,-0.010979324854969441,,,,
2011-11-11,,False,106.066,,,,,,,
2011-11-18,,False,106.152,,,,,,,
2011-11-25,,False,106.238,,,,,,,
2011-12-02,,False,,,,,,,,
2011-12-09,106.41,True,106.41,,,-0.0130708610973862,,,,
2011-12-16,106.64,True,106.64,,,-0.003370158591452288,,,,
2011-12-23,106.27,True,106.27,,,-0.012251731460493076,,,,
2011-12-30,107.04,True,107.04,,,-0.0037299558350634143,,,,
2012-01-06,,False,106.98333333333333,,,,,,,
2012-01-13,,False,106.92666666666668,,,,,,,
2012-01-20,106.87,True,106.87,,,0.004971634460613217,,,,
2012-01-27,106.33,True,106.33,,,0.0016000756390424087,,,,
2012-02-03,,False,106.5875,,,,,,,
2012-02-10,,False,106.845,,,,,,,
2012-02-17,,False,107.10249999999999,,,,,,,
2012-02-24,107.36,True,107.36,,,0.010505812973651274,,,,
2012-03-02,107.35,True,107.35,,,,,,,
2012-03-09,,False,107.55666666666666,,,,,,,
2012-03-16,,False,107.76333333333334,,,,,,,
2012-03-23,107.97,True,107.97,,,0.01587038537444574,,,,
2012-03-30,108.78,True,108.78,,,0.016124897614895772,,,,
2012-04-06,108.45,True,108.45,,,0.013616178183205818,,,,
2012-04-13,109.26,True,109.26,,,0.02158712172644961,,,,
2012-04-20,,False,109.36333333333333,,,,,,,
2012-04-27,,False,109.46666666666667,,,,,,,
2012-05-04,109.57,True,109.57,,,0.027597370349134565,,,,
2012-05-11,111.31,True,111.31,,,0.040939915406708494,,,,
2012-05-18,,False,111.1075,,,,,,,
2012-05-25,,False,110.905,,,,,,,
2012-06-01,,False,110.7025,,,,,,,
2012-06-08,110.5,True,110.5,,,0.026997680492297782,,,,
2012-06-15,111.69,True,111.69,,,0.035789711991648154,,,,
2012-06-22,,False,111.22,,,,,,,
2012-06-29,110.75,True,110.75,,,0.017947914930430464,,,,
2012-07-06,111.19,True,111.19,,,0.024951212442274162,,,,
2012-07-13,,False,111.1,,,,,,,
2012-07-20,111.01,True,111.01,,,0.014944615022737473,,,,
2012-07-27,111.48,True,111.48,,,0.018225113703583595,,,,
2012-08-03,,False,111.2175,,,,,,,
2012-08-10,,False,110.95500000000001,,,,,,,
2012-08-17,,False,110.69250000000001,,,,,,,
2012-08-24,110.43,True,110.43,,,-0.004292142943713273,,,,
2012-08-31,110.2,True,110.2,,,-0.00454952629994132,,,,
2012-09-07,112.77,False,112.77,待核实：远期 EPS 单周 +2.3%（110.20 → 112.77）；09-14 离可疑值更近 → 判真实变动，补认,,,,,,
2012-09-14,113.18,True,113.18,,,0.01325229516164228,,,,
2012-09-21,,False,112.65666666666667,,,,,,,
2012-09-28,,False,112.13333333333334,,,,,,,
2012-10-05,111.61,True,111.61,,,0.0037702019524656905,,,,
2012-10-12,111.07,True,111.07,,,-0.0002700634665560031,,,,
2012-10-19,112.38,True,112.38,,,0.012265698339496645,,,,
2012-10-26,,False,112.10666666666667,,,,,,,
2012-11-02,,False,111.83333333333333,,,,,,,
2012-11-09,111.56,True,111.56,,,0.005437849051347143,,,,
2012-11-16,112.02,True,112.02,,,0.01192134003978218,,,,
2012-11-23,112.18,True,112.18,,,0.01572288802115107,,,,
2012-11-30,,False,112.2,,,,,,,
2012-12-07,112.22,True,112.22,,,-0.004889115921370646,,,,
2012-12-14,112.65,True,112.65,,,-0.004693804836124471,,,,
2012-12-21,,False,112.58500000000001,,,,,,,
2012-12-28,112.52,True,112.52,,,0.0034423441909732233,,,,
2013-01-04,113.21,True,113.21,,,0.014233849422394584,,,,
2013-01-11,112.95,True,112.95,,,0.016784609734983746,,,,
2013-01-18,113.92,True,113.92,,,0.013610461979613575,,,,
2013-01-25,,False,113.355,,,,,,,
2013-02-01,112.79,True,112.79,,,0.008518014908198701,,,,
2013-02-08,112.77,True,112.77,,,0.010787783484908609,,,,
2013-02-15,112.93,True,112.93,,,0.008090730953893122,,,,
2013-02-22,113.08,True,113.08,,,0.007990808745199196,,,,
2013-03-01,113.3,True,113.3,,,0.009756174945364293,,,,
2013-03-08,115.24,True,115.24,,,0.026555679893501605,,,,
2013-03-15,113.71,True,113.71,,,0.009365680758378403,,,,
2013-03-22,113.81,True,113.81,,,0.010821899382174927,,,,
2013-03-29,,False,114.065,,,,,,,
2013-04-05,114.32,True,114.32,,,0.009757032531593879,,,,
2013-04-12,,False,114.52,,,,,,,
2013-04-19,114.72,True,114.72,,,0.006997929187644303,,,,
2013-04-26,114.37,True,114.37,,,0.008914319652332914,,,,
2013-05-03,,False,114.575,,,,,,,
2013-05-10,114.78,True,114.78,,,0.017666906436019758,,,,
2013-05-17,114.94,True,114.94,,,0.017642095344016617,,,,
2013-05-24,,False,115.095,,,,,,,
2013-05-31,115.25,True,115.25,,,0.01706451384279717,,,,
2013-06-07,,False,115.53,,,,,,,
2013-06-14,,False,115.81,,,,,,,
2013-06-21,116.09,True,116.09,,,0.019835361056145473,,,,
2013-06-28,116.12,True,116.12,,,0.01785567781159081,,,,
2013-07-05,116.23,True,116.23,,,0.01656945303400459,,,,
2013-07-12,,False,116.61500000000001,,,,,,,
2013-07-19,117.0,True,117.0,,,0.01967955794644638,,,,
2013-07-26,116.93,True,116.93,,,0.022136658359102057,,,,
2013-08-02,117.13,True,117.13,,,0.02205479868659488,,,,
2013-08-09,117.25,True,117.25,,,0.02129115464617204,,,,
2013-08-16,116.99,True,116.99,,,0.017678207979914262,,,,
2013-08-23,117.51,True,117.51,,,0.020765562048111086,,,,
2013-08-30,,False,117.815,,,,,,,
2013-09-06,118.12,True,118.12,,,0.02217082038079532,,,,
2013-09-13,117.72,True,117.72,,,0.016358006168986527,,,,
2013-09-20,,False,117.84,,,,,,,
2013-09-27,117.96,True,117.96,,,0.01572144479064619,,,,
2013-10-04,118.22,True,118.22,,,0.01697630874060696,,,,
2013-10-11,118.75,True,118.75,,,0.018142532332443118,,,,
2013-10-18,118.84,True,118.84,,,0.01560411579665022,,,,
2013-10-25,119.01,True,119.01,,,0.0176320580421212,,,,
2013-11-01,119.05,True,119.05,,,0.016259143851089064,,,,
2013-11-08,119.19,True,119.19,,,0.01641045116822859,,,,
2013-11-15,119.26,True,119.26,,,0.019217522635449846,,,,
2013-11-22,119.3,True,119.3,,,0.015117892758020446,,,,
2013-11-29,119.45,True,119.45,,,0.013782276195481558,,,,
2013-12-06,,False,119.715,,,,,,,
2013-12-13,119.98,True,119.98,,,0.01901613885967457,,,,
2013-12-20,120.05,True,120.05,,,0.01858055051288776,,,,
2013-12-27,119.66,True,119.66,,,0.01430880401481005,,,,
2014-01-03,119.83,True,119.83,,,0.013526776298202314,,,,
2014-01-10,120.14,True,120.14,,,0.011637286507264477,,,,
2014-01-17,119.86,True,119.86,,,0.008546344435632847,,,,
2014-01-24,121.09,True,121.09,,,0.0173265475719262,,,,
2014-01-31,122.05,True,122.05,,,0.024887223906096878,,,,
2014-02-07,,False,121.69,,,,,,,
2014-02-14,121.33,True,121.33,,,0.017208122368821854,,,,
2014-02-21,121.41,True,121.41,,,0.01753191845201396,,,,
2014-02-28,121.2,True,121.2,,,0.014544199863395058,,,,
2014-03-07,121.86,True,121.86,,,0.01775892682426683,,,,
2014-03-14,121.47,True,121.47,,,0.012342256487232639,,,,
2014-03-21,,False,121.56,,,,,,,
2014-03-28,121.65,True,121.65,,,0.016493681267646387,,,,
2014-04-04,,False,122.065,,,,,,,
2014-04-11,122.48,True,122.48,,,0.01929002192741347,,,,
2014-04-18,122.62,True,122.62,,,0.022765747304502426,,,,
2014-04-25,123.12,True,123.12,,,0.016625418764348865,,,,
2014-05-02,,False,123.26,,,,,,,
2014-05-09,123.4,True,123.4,,,0.01395428412257882,,,,
2014-05-16,124.25,True,124.25,,,0.023781558912956413,,,,
2014-05-23,123.69,True,123.69,,,0.018605187831034264,,,,
2014-05-30,124.68,True,124.68,,,0.028308381263922655,,,,
2014-06-06,,False,124.6,,,,,,,
2014-06-13,124.52,True,124.52,,,0.024799026861227702,,,,
2014-06-20,125.57,True,125.57,,,0.03245540395228019,,,,
2014-06-27,125.79,True,125.79,,,0.03346578062124905,,,,
2014-07-04,126.17,True,126.17,,,0.03307651420168778,,,,
2014-07-11,125.94,True,125.94,,,0.02785785171116828,,,,
2014-07-18,126.33,True,126.33,,,0.029807388507403942,,,,
2014-07-25,127.71,True,127.71,,,0.03660257897754704,,,,
2014-08-01,127.97,True,127.97,,,0.03749991591540791,,,,
2014-08-08,128.15,True,128.15,,,0.03777034133879287,,,,
2014-08-15,127.8,True,127.8,,,0.028170876966695957,,,,
2014-08-22,128.5,True,128.5,,,0.0381504689483565,,,,
2014-08-29,128.0,True,128.0,,,0.02627980902048055,,,,
2014-09-05,129.02,True,129.02,,,0.03485882475074309,,,,
2014-09-12,129.25,True,129.25,,,0.03728216781513094,,,,
2014-09-19,128.93,True,128.93,,,0.026406249421873973,,,,
2014-09-26,129.57,True,129.57,,,0.0296074257899388,,,,
2014-10-03,129.63,True,129.63,,,0.027054034672301164,,,,
2014-10-10,129.77,True,129.77,,,0.029958049688542765,,,,
2014-10-17,129.31,True,129.31,,,0.023315091465814675,,,,
2014-10-24,128.58,True,128.58,,,0.006789210205369933,,,,
2014-10-31,128.53,True,128.53,,,0.004366478672535479,,,,
2014-11-07,128.37,True,128.37,,,0.0017152662867543356,,,,
2014-11-14,128.57,True,128.57,,,0.006006961152722923,,,,
2014-11-21,128.57,True,128.57,,,0.0005445987608823089,,,,
2014-11-28,128.59,True,128.59,,,0.004598784362730868,,,,
2014-12-05,128.27,True,128.27,,,-0.005830013792336608,,,,
2014-12-12,127.82,True,127.82,,,-0.011125489166402325,,,,
2014-12-19,127.3,True,127.3,,,-0.012723115859385459,,,,
2014-12-26,,False,127.10333333333332,,,,,,,
2015-01-02,,False,126.90666666666667,,,,,,,
2015-01-09,126.71,True,126.71,,,-0.023862641938322326,,,,
2015-01-16,125.11,True,125.11,,,-0.03301927197845167,,,,
2015-01-23,124.04,True,124.04,,,-0.03594718448129264,,,,
2015-01-30,124.0,True,124.0,,,-0.03588077451700311,,,,
2015-02-06,122.04,True,122.04,,,-0.05056785924836582,,,,
2015-02-13,122.13,True,122.13,,,-0.0513874519131603,,,,
2015-02-20,122.72,True,122.72,,,-0.04656816547721121,,,,
2015-02-27,122.73,True,122.73,,,-0.04664222767293058,,,,
2015-03-06,122.88,True,122.88,,,-0.04292914791239699,,,,
2015-03-13,123.02,True,123.02,,,-0.03827608044191422,,,,
2015-03-20,123.03,True,123.03,,,-0.0341182774912836,,,,
2015-03-27,123.12,True,123.12,,,-0.03184091438959946,,,,
2015-04-03,123.33,True,123.33,,,-0.028588218566848234,,,,
2015-04-10,124.3,True,124.3,,,-0.019203012294151556,,,,
2015-04-17,123.94,True,123.94,,,-0.009395772795347312,,,,
2015-04-24,123.83,True,123.83,,,-0.0016944370052405233,,,,
2015-05-01,124.23,True,124.23,,,0.001853120620548765,,,,
2015-05-08,124.29,True,124.29,,,0.01826868490895084,,,,
2015-05-15,,False,124.83000000000001,,,,,,,
2015-05-22,125.37,True,125.37,,,0.021364027508988137,,,,
2015-05-29,125.66,True,125.66,,,0.02359302636538363,,,,
2015-06-05,,False,125.595,,,,,,,
2015-06-12,125.53,True,125.53,,,0.02019783004989506,,,,
2015-06-19,125.52,True,125.52,,,0.02003688035269935,,,,
2015-06-26,125.89,True,125.89,,,0.022249020247544493,,,,
2015-07-03,125.9,True,125.9,,,0.02062425147240443,,,,
2015-07-10,126.99,True,126.99,,,0.02141034468427616,,,,
2015-07-17,126.12,True,126.12,,,0.01743625714289898,,,,
2015-07-24,125.88,True,125.88,,,0.01641941496919852,,,,
2015-07-31,127.03,True,127.03,,,0.022288592809783125,,,,
2015-08-07,127.4,True,127.4,,,0.024714198380642927,,,,
2015-08-14,,False,127.5,,,,,,,
2015-08-21,,False,127.60000000000001,,,,,,,
2015-08-28,127.7,True,127.7,,,0.016103916063692658,,,,
2015-09-04,127.76,True,127.76,,,0.017091059582251766,,,,
2015-09-11,127.98,True,127.98,,,0.019329227881197397,,,,
2015-09-18,127.88,True,127.88,,,0.018627215766864325,,,,
2015-09-25,127.12,True,127.12,,,0.0097230124502925,,,,
2015-10-02,127.62,True,127.62,,,0.013569157389899722,,,,
2015-10-09,126.63,True,126.63,,,-0.002838894738424358,,,,
2015-10-16,126.49,True,126.49,,,0.0029294189825899153,,,,
2015-10-23,126.77,True,126.77,,,0.007045348754429526,,,,
2015-10-30,126.78,True,126.78,,,-0.0019699781793489635,,,,
2015-11-06,126.88,True,126.88,,,-0.004089985251525263,,,,
2015-11-13,126.88,True,126.88,,,-0.004874606711943841,,,,
2015-11-20,127.12,True,127.12,,,-0.0037688486822284872,,,,
2015-11-27,127.14,True,127.14,,,-0.004394921530230356,,,,
2015-12-04,127.17,True,127.17,,,-0.0046287298741019,,,,
2015-12-11,127.23,True,127.23,,,-0.005877529556705063,,,,
2015-12-18,126.99,True,126.99,,,-0.006983980990699301,,,,
2015-12-25,,False,127.005,,,,,,,
2016-01-01,127.02,True,127.02,,,-0.004712544065371915,,,,
2016-01-08,127.11,True,127.11,,,0.0037834048440599233,,,,
2016-01-15,126.32,True,126.32,,,-0.0013448837120639823,,,,
2016-01-22,125.5,True,125.5,,,-0.010068662378796667,,,,
2016-01-29,124.58,True,124.58,,,-0.017505221030020834,,,,
2016-02-05,124.29,True,124.29,,,-0.020624213129117663,,,,
2016-02-12,124.25,True,124.25,,,-0.02094609290979932,,,,
2016-02-19,124.4,True,124.4,,,-0.02162934192338195,,,,
2016-02-26,124.21,True,124.21,,,-0.023315159952161046,,,,
2016-03-04,124.0,True,124.0,,,-0.025243208427617958,,,,
2016-03-11,123.58,True,123.58,,,-0.029107752521775332,,,,
2016-03-18,123.67,True,123.67,,,-0.02649161544697609,,,,
2016-03-25,124.3,True,124.3,,,-0.021528457245684862,,,,
2016-04-01,124.43,True,124.43,,-0.05370476202256023,-0.020601245587289263,-0.05370476202256023,,,
2016-04-08,122.27,True,122.27,,-0.07184056645321946,-0.038821139150478245,-0.07184056645321946,,,
2016-04-15,123.98,True,123.98,,-0.05163387200420991,-0.018698107673612796,-0.05163387200420991,,,
2016-04-22,124.4,True,124.4,,-0.04165610255385074,-0.008803578266760148,-0.04165610255385074,,,
2016-04-29,123.56,True,123.56,,-0.04099091574868931,-0.008221211775618187,-0.04099091574868931,0.01271384627387092,,
2016-05-06,124.64,True,124.64,,-0.02987526285655724,0.0028120373650182273,-0.02987526285655724,0.041965303596662215,,
2016-05-13,124.34,True,124.34,,-0.031881226032970916,0.0007240838644531067,-0.031881226032970916,0.01975264597123899,,
2016-05-20,125.48,True,125.48,,-0.023879526879424212,0.008644203017398766,-0.023879526879424212,0.01777657567442653,,
2016-05-27,125.16,True,125.16,,-0.02482331990239299,0.00761923724457958,-0.02482331990239299,0.016167595846296318,0.028881442120167237,
2016-06-03,125.31,True,125.31,,-0.021852687033524297,0.010509101572156787,-0.021852687033524297,0.008022575823032944,0.04998787941969516,
2016-06-10,125.92,True,125.92,,-0.013523356224725558,0.018758065036259097,-0.013523356224725558,0.01835786980824536,0.03811051577948435,
2016-06-17,126.62,True,126.62,,-0.00862770476875803,0.023573747362014785,-0.00862770476875803,0.015251822110666183,0.033028397785092714,
2016-06-24,,False,127.30000000000001,,-0.008273371215724058,,,,,
2016-07-01,127.98,True,127.98,,-0.003912003808644808,0.028130692923774347,-0.003912003808644808,0.01794068322487949,0.025963259047912433,0.04979275821391542
2016-07-08,126.38,True,126.38,,0.0010976225431811662,0.033061527189210516,0.0010976225431811662,0.014620978767906724,0.03297884857615208,0.07293818899640062
2016-07-15,126.54,True,126.54,,-0.011447297691952026,0.02043820144496511,-0.011447297691952026,-0.002819592923193996,0.012432229187472187,0.04018657431225788
2016-07-22,127.62,True,127.62,,-0.006252559231689499,0.02555491813512223,-0.006252559231689499,0.0020208119840345595,0.01857076067070349,0.035403543322161245
2016-07-29,127.93,True,127.93,,0.0030265347534005477,0.03475637127856235,0.0030265347534005477,0.006938538562045356,0.024879221786924845,0.044017450502089855
2016-08-05,127.31,True,127.31,,-0.010457098877681564,0.02119547495111629,-0.010457098877681564,-0.01155472142086273,0.0030662573470439936,0.019418163978875677
2016-08-12,128.11,True,128.11,,-0.0017061654944487692,0.029869521027150903,-0.0017061654944487692,0.009741132197503256,0.00692153927430926,0.030175060538522147
2016-08-19,128.46,True,128.46,,-0.008027983366999537,0.023471188507168783,-0.008027983366999537,-0.0017754241353100386,0.0002453878487245209,0.015851543512424675
2016-08-26,128.77,True,128.77,,-0.0029880786984918944,0.02843494848501127,-0.0029880786984918944,-0.006014613451892442,0.0009239251101529136,0.021835241203901096
2016-09-02,128.45,True,128.45,,-0.006598193393984486,0.024749056378698953,-0.006598193393984486,0.003858905483697078,-0.007695815937165652,0.015254493639539811
2016-09-09,128.31,True,128.31,,-0.012469410752720053,0.018802426237834347,-0.012469410752720053,-0.010763245258271284,-0.0010221130607680276,0.0010539454720055047
2016-09-16,128.58,True,128.58,,-0.015819962998135303,0.015360803597560313,-0.015819962998135303,-0.007791979631135766,-0.009567403766445805,-0.007192258229377274
2016-09-23,129.59,True,129.59,,-0.01321305718384315,0.017829114883961772,-0.01321305718384315,-0.010224978485351255,-0.016239591937243697,-0.004939685968119091
2016-09-30,129.65,True,129.65,,-0.01792376535905424,0.012964510273358876,-0.01792376535905424,-0.011325571965069753,-0.007466666481372675,-0.014011761550409431
2016-10-07,129.39,True,129.39,,-0.007181337968029583,0.023537857982551813,-0.007181337968029583,0.00528807278469047,-0.005475172473580814,-0.00827896051121075
2016-10-14,130.08,True,130.08,,-0.0029438669076827656,0.027591182080762167,-0.0029438669076827656,0.012876096090452538,0.005084116459316772,0.00850343078426926
2016-10-21,129.96,True,129.96,,-0.012118776616943785,0.018169612360698473,-0.012118776616943785,0.0010942805668993638,-0.009130697918451891,-0.005866217385254287
2016-10-28,130.06,True,130.06,,-0.013466746987982087,0.016512643112062797,-0.013466746987982087,0.004457018371072152,-0.006868553593997601,-0.016493281741382634
2016-11-04,131.43,True,131.43,,0.002241134788401211,0.03184933342036267,0.002241134788401211,0.009422472756430794,0.014710545541121264,0.012698233666082775
2016-11-11,130.76,True,130.76,,-0.008732526719086267,0.020474311987667804,-0.008732526719086267,-0.0057886598114035015,0.007087436279049036,-0.007026361224637498
2016-11-18,130.99,True,130.99,,-0.009303820885688055,0.01950341257991095,-0.009303820885688055,0.0028149557312557305,0.003909236298155094,-0.0012758375186885176
2016-11-25,131.19,True,131.19,,-0.009790584587836701,0.018618786807246046,-0.009790584587836701,0.0036761624001453858,0.008133180771217538,-0.0068025058893448065
2016-12-02,131.59,True,131.59,,-0.0038619364764173603,0.02415130460615611,-0.0038619364764173603,-0.006103071264818571,0.0033194014916122228,0.002736256917567126
2016-12-09,131.36,True,131.36,,-0.004126396417926503,0.02349243479719121,-0.004126396417926503,0.004606130301159764,-0.0011825295102437378,0.00834301433479355
2016-12-16,132.28,True,132.28,,0.0011118572061410148,0.028369609400050955,0.0011118572061410148,0.01041567809182907,0.0132306338230848,0.01693182020427632
2016-12-23,132.4,True,132.4,,-0.005494170146797803,0.021452023055585023,-0.005494170146797803,0.004296414441038898,0.007972576841184284,0.007718887037045347
2016-12-30,,False,132.54500000000002,,-0.004568220358848088,,,,,
2017-01-06,132.69,True,132.69,,-0.0013193106005142397,0.025184481220483335,-0.0013193106005142397,0.0028070858174122637,0.0074132161185720274,0.005862027367515343
2017-01-13,133.49,True,133.49,,-0.0005166932158119433,0.025876922868140362,-0.0005166932158119433,-0.0016285504219529581,0.008787127669876112,0.0024271736918708223
2017-01-20,133.84,True,133.84,,0.0030710609170791353,0.02941834587766934,0.0030710609170791353,0.008565231063876938,0.012861645504915836,0.01518983753402292
2017-01-27,133.53,True,133.53,,-3.432598574317283e-05,0.026330289254866912,-3.432598574317283e-05,0.004533894373104915,0.0038276104906741874,0.013432421002238914
2017-02-03,133.54,True,133.54,,-0.010518783765016654,0.01592666793580566,-0.010518783765016654,-0.009199473164502415,-0.006392387347090151,-0.012759918553417866
2017-02-10,133.34,True,133.34,,-0.007019086007708231,0.019538675333904187,-0.007019086007708231,-0.006502392791896287,-0.008130943213849245,0.0017134407113780364
2017-02-17,133.49,True,133.49,,-0.007764027977189104,0.018905584258083863,-0.007764027977189104,-0.010835088894268239,-0.002269857830391301,0.0015397929084989513
2017-02-24,,False,133.635,,-0.008315458439734504,,,,,
2017-03-03,133.78,True,133.78,,-0.010386317452986793,0.01650563152821327,-0.010386317452986793,0.0001324663120298615,-0.009067006852472553,-0.006524380976569433
2017-03-10,133.5,True,133.5,,-0.010842608240413134,0.01615983213618577,-0.010842608240413134,-0.0038235222327049033,-0.01032591502460119,-0.006716211822486631
2017-03-17,133.79,True,133.79,,-0.01574636373982221,0.011350518371935792,-0.01574636373982221,-0.007982335762633106,-0.018817424656901345,-0.016858220945963225
2017-03-24,134.5,True,134.5,,-0.011454384982899888,0.015736555538985897,-0.011454384982899888,-0.0031389265431653844,-0.011420058997156715,-0.005960214836102085
2017-03-31,134.91,True,134.91,,-0.009598938894804402,0.01768567904165419,-0.009598938894804402,0.000787378558182391,0.0009198448702122525,-0.005030718535956314
2017-04-07,135.12,True,135.12,,-0.009101230054692822,0.01814769195120025,-0.009101230054692822,0.0017413781857203124,-0.002082144046984591,-0.007781919454178582
2017-04-14,133.85,True,133.85,,-0.024498720990140527,0.0026932012987206377,-0.024498720990140527,-0.008752357250318317,-0.016734693012951423,-0.023982027774328583
2017-04-21,,False,134.79,,-0.02006220548281782,,,,,
2017-04-28,135.73,True,135.73,,-0.01073718870118345,0.01634144661400061,-0.01073718870118345,-0.0011382498063790478,-0.0003508712481966568,-0.010702862715440277
2017-05-05,136.54,True,136.54,,-0.004805791535683137,0.022216553560411967,-0.004805791535683137,0.004295438519009685,0.006036816704729997,0.0057129922293335175
2017-05-12,136.83,True,136.83,,-0.001129266232560322,0.02583702220180495,-0.001129266232560322,0.023369454757580205,0.014617097507261888,0.005889819775147909
2017-05-19,136.75,True,136.75,,-0.002782591244865535,0.024127872634449155,-0.002782591244865535,0.017279614237952285,0.008671793738034353,0.004981436732323569
2017-05-26,137.22,True,137.22,,-0.0003815955702249907,0.026473274422028403,-0.0003815955702249907,0.010355593130958459,0.009217343324579411,0.007933862869509513
2017-06-02,137.29,True,137.29,,-0.000900688127106572,0.025898817219251136,-0.000900688127106572,0.003905103408576565,0.00820054192758625,0.009485629325880221
2017-06-09,137.5,True,137.5,,0.0027780707397739267,0.02952243926632203,0.0027780707397739267,0.003907336972334249,0.027276791729914453,0.01362067898018706
2017-06-16,137.43,True,137.43,,0.00015383195186442072,0.026843290081233206,0.00015383195186442072,0.0029364231967299557,0.02021603743468224,0.01590019569168663
2017-06-23,138.32,True,138.32,,0.0013708695702732872,0.028005642333141623,0.0013708695702732872,0.0017524651404982779,0.012108058271456737,0.012825254553173175
2017-06-30,139.04,True,139.04,,0.003573461019873842,0.030153772066356055,0.003573461019873842,0.004474149146980414,0.008379252555556979,0.013172399914678244
2017-07-07,139.29,True,139.29,,0.0038687465894782433,0.030394818200394802,0.0038687465894782433,0.0010906758497043166,0.004998012822038565,0.012969976644171065
2017-07-14,139.08,True,139.08,,0.011857484075265462,0.03832953717329879,0.011857484075265462,0.011703652123401041,0.014640075320130997,0.03635620506540599
2017-07-21,138.96,True,138.96,,0.004049856021933959,0.030468110182670927,0.004049856021933959,0.002678986451660672,0.00443145159215895,0.02411206150475178
2017-07-28,139.85,True,139.85,,0.003538127875232923,0.02990280133809531,0.003538127875232923,-3.533314464091927e-05,0.004438816002339495,0.014275316576416373
2017-08-04,139.67,True,139.67,,-0.0036464243515190037,0.022664885327545292,-0.0036464243515190037,-0.007515170940997247,-0.00642449509129293,0.0011593671841641333
2017-08-11,140.13,True,140.13,,-0.002426877704300362,0.023831283790407554,-0.002426877704300362,-0.014284361779565824,-0.0025807096561647827,-0.00129761147174004
2017-08-18,,False,140.5,,0.000847819865949527,,,,,
2017-08-25,,False,140.87,,9.949529078304847e-05,,,,,
2017-09-01,141.24,True,141.24,,0.0022650966003314593,0.02836509415067212,0.0022650966003314593,0.005911520951850463,-0.001603649989146784,0.0031657847274380313
2017-09-08,141.67,True,141.67,,0.003828793456771576,0.029876492284633294,0.003828793456771576,0.006255671161071938,-0.008028690618493886,0.0010507227169976492
2017-09-15,141.8,True,141.8,,0.005307308242692016,0.03130291753126624,0.005307308242692016,0.004459488376742489,0.0012574522207580568,0.005153476290827595
2017-09-22,141.28,True,141.28,,-0.004769832199269727,0.021173895480614213,-0.004769832199269727,-0.004869327490052776,-0.00830796007450265,-0.0061407017695430145
2017-09-29,141.81,True,141.81,,-0.006165580803004778,0.019726471956173164,-0.006165580803004778,-0.008430677403336237,-0.002519156451485774,-0.00973904182287862
2017-10-06,141.78,True,141.78,,-0.008122113566793994,0.017718469726931474,-0.008122113566793994,-0.01195090702356557,-0.005695235862493632,-0.011990860156272237
2017-10-13,142.51,True,142.51,,-0.0014264525151197124,0.02436286554546019,-0.0014264525151197124,-0.006733760757811728,-0.0022742723810692395,-0.013283936590385174
2017-10-20,143.13,True,143.13,,0.0038289304167941837,0.029567186263276035,0.0038289304167941837,0.008598762616063911,0.0037294351260111352,-0.00022092560513977538
2017-10-27,143.04,True,143.04,,-0.0031335036705279276,0.022553891777235435,-0.0031335036705279276,0.00303207713247685,-0.005398600270859387,-0.0066716315457608505
2017-11-03,143.32,True,143.32,,0.00016065944881986371,0.025797395119073308,0.00016065944881986371,0.008282773015613858,-0.003668134007951712,0.0038070838003388674
2017-11-10,143.59,True,143.59,,-0.0011948222050253976,0.024391453124159135,-0.0011948222050253976,0.00023163031009431484,-0.0065021304477174136,0.0012320554992749644
2017-11-17,143.65,True,143.65,,-0.0033637165976025812,0.022172296651497447,-0.0033637165976025812,-0.007192647014396765,0.0014061156016671461,-0.004211536463552108
2017-11-24,144.28,True,144.28,,-0.001567571500640047,0.023918376763123028,-0.001567571500640047,0.0015659321698878806,0.004598009302364731,-0.0016670667914230955
2017-12-01,144.68,True,144.68,,-0.0013722431923548772,0.024063836023711538,-0.0013722431923548772,-0.001532902641174741,0.006749870374439117,-0.0036373397926863366
2017-12-08,144.89,True,144.89,,-0.002927732524676707,0.02247442444137082,-0.002927732524676707,-0.0017329103196513096,-0.0015012800095569948,-0.006756525981448283
2017-12-15,145.51,True,145.51,,0.0004588311841785403,0.02582719867416028,0.0004588311841785403,0.0038225477817811215,-0.0033700992326156434,-0.004848477058513476
2017-12-22,145.9,True,145.9,,0.006749794158451006,0.032177718673090716,0.006749794158451006,0.008317365659091053,0.009883297828978933,0.011519626357720733
2017-12-29,,False,147.40333333333334,,0.013197216408693244,,,,,
2018-01-05,,False,148.90666666666667,,0.023531645943398283,,,,,
2018-01-12,150.41,False,150.41,待核实：远期 EPS 单周 +3.0%（145.90 → 150.41）；01-19 离可疑值更近 → 判真实变动，补认,0.02843095663933331,,,,,
2018-01-19,152.07,True,152.07,,0.03505563959629138,0.06058763295624292,0.03505563959629138,0.02830584543784037,0.036623211096931424,0.031226709179497193
2018-01-26,154.21,True,154.21,,0.049648821060883516,0.07519099844436106,0.049648821060883516,0.03645160465219027,0.05102106425323839,0.052782324731411444
2018-02-02,156.78,True,156.78,,0.06421133467636671,0.08976365632382333,0.06421133467636671,0.04067968873296843,0.06713906720104341,0.06405067522754684
2018-02-09,158.34,True,158.34,,0.07222017705272805,0.09778260343700218,0.07222017705272805,0.043789220413394746,0.07176134586854951,0.07341499925775345
2018-02-16,159.72,True,159.72,,0.0804700049452147,0.10604249676972266,0.0804700049452147,0.04541436534892332,0.07372021078676369,0.08383372154281728
2018-02-23,160.0,True,160.0,,0.077835441001542,0.10341795919848806,0.077835441001542,0.028186619940658478,0.06463822459284875,0.07940301250218204
2018-03-02,160.34,True,160.34,,0.07717964780230492,0.10277215353090874,0.07717964780230492,0.012968313125938213,0.05364800185890664,0.0785518909946598
2018-03-09,161.12,True,161.12,,0.08058789250098546,0.10617459513762206,0.08058789250098546,0.008367715448257401,0.05215693586165215,0.08351562502566216
2018-03-16,160.66,True,160.66,,0.07346459594430373,0.09904551797347949,0.07346459594430373,-0.00700540900091097,0.03840895634801235,0.07300576476012519
2018-03-23,161.2,True,161.2,,0.07424242527278664,0.09972437454378724,0.07424242527278664,-0.0035930157287553527,0.024593604211903125,0.06749263111433564
2018-03-30,161.8,True,161.8,,0.06780504324168692,0.09318841092313424,0.06780504324168692,-0.009374604560618005,0.0035937085653202083,0.05460782683299367
2018-04-06,161.38,True,161.38,,0.055122124279956,0.0804421209545172,0.055122124279956,-0.02546576822102946,-0.017098052772772057,0.03159047833655772
2018-04-13,162.44,True,162.44,,0.05167302978730211,0.07694380415097513,0.05167302978730211,-0.02179156615700162,-0.028796975157912588,0.0232420731479688
2018-04-20,162.24,True,162.24,,0.039514036181590176,0.0647357792504506,0.039514036181590176,-0.034728389091196465,-0.03832140481995182,0.004458396585298799
2018-04-27,163.62,True,163.62,,0.03405845453567746,0.05923135621598696,0.03405845453567746,-0.03374658870600945,-0.04312119326662746,-0.015590366525206054
2018-05-04,164.36,True,164.36,,0.02209134615784507,0.0472155952546327,0.02209134615784507,-0.03303077812211093,-0.05849654634314039,-0.04211998851852164
2018-05-11,165.03,True,165.03,,0.016306871586627532,0.04138265581218814,0.016306871586627532,-0.035366158200674576,-0.057157724357676194,-0.05591330546610052
2018-05-18,165.86,True,165.86,,0.0126942708457259,0.0377217768280369,0.0126942708457259,-0.026819765335864276,-0.06154815442706074,-0.0677757340994888
2018-05-25,166.33,True,166.33,,0.013820538277559732,0.03879995156861682,0.013820538277559732,-0.02023791625811773,-0.05398450496412718,-0.06401490272398226
2018-06-01,166.99,True,166.99,,0.01570586468546231,0.04063736976953525,0.01570586468546231,-0.006385481472382763,-0.039416259594493686,-0.06147378311684261
2018-06-08,166.89,True,166.89,,0.010301703483249863,0.03518548378505937,0.010301703483249863,-0.006005168103377669,-0.04137132630405224,-0.07028618901773559
2018-06-15,167.62,True,167.62,,0.017572944032277465,0.0424091819250938,0.017572944032277465,0.004878673186551566,-0.02194109214931271,-0.05589165191202626
2018-06-22,,False,168.16500000000002,,0.017510933387474496,,,,,
2018-06-29,168.71,True,168.71,,0.017078563964622224,0.04182025999349204,0.017078563964622224,0.0013726992791599155,-0.005012782193222848,-0.050726479277064696
2018-07-06,168.93,True,168.93,,0.021027901003458402,0.0457225955142766,0.021027901003458402,0.01072619752020854,0.00472102941683087,-0.034094223276497596
2018-07-13,168.57,True,168.57,,0.012394519734429118,0.03704239097411932,0.012394519734429118,-0.005178424297848348,-0.0002997511112967817,-0.039278510052872986
2018-07-20,169.97,True,169.97,,0.021944005283053895,0.04654523048644155,0.021944005283053895,0.004433071895579399,0.008123467005494163,-0.01757003089853628
2018-07-27,169.91,True,169.91,,0.013167463614654082,0.0377222190121147,0.013167463614654082,-0.003911100349968142,-0.0025384010708082265,-0.02089099092102338
2018-08-03,171.35,True,171.35,,0.017140643480373002,0.04164910430540836,0.017140643480373002,-0.0038872575230853995,0.00683893999712314,-0.004950702677472069
2018-08-10,171.9,True,171.9,,0.016323296336584955,0.04078563683332792,0.016323296336584955,0.0039287766021558375,-0.00124964769569251,1.6424749957423546e-05
2018-08-17,,False,172.16333333333333,,0.012883186166227384,,,,,
2018-08-24,,False,172.42666666666668,,0.011627639854387,,,,,
2018-08-31,172.69,True,172.69,,0.009239134018165791,0.03356414921223738,0.009239134018165791,-0.007901509462207211,-0.01178876698529261,-0.006466730667296517
2018-09-07,172.34,True,172.34,,0.007854774960041444,0.03213435705630907,0.007854774960041444,-0.008468521376543511,-0.004539744774387674,-0.0024469285232084186
2018-09-14,172.87,True,172.87,,0.0066060358580501966,0.030840354263935055,0.0066060358580501966,-0.006277150308177187,-0.015337969425003699,-0.010966908174227269
2018-09-21,173.42,True,173.42,,0.0065815344982173354,0.03077075767534776,0.0065815344982173354,-0.005046105356169665,-0.0065859291164367464,-0.01092939888925716
2018-09-28,173.45,True,173.45,,0.003563813326635995,0.02770810879787522,0.003563813326635995,-0.005675320691529796,-0.013576830153737007,-0.013514750637986229
2018-10-05,173.75,True,173.75,,0.004017013985863155,0.02813305651026443,0.004017013985863155,-0.003837760974178289,-0.0123062823507218,-0.017010887017595247
2018-10-12,173.78,True,173.78,,0.006334718945818135,0.03043903761884348,0.006334718945818135,-0.00027131691223206134,-0.006548467220409249,-0.006059800788610983
2018-10-19,174.14,True,174.14,,0.00017773453877244216,0.02423762251120909,0.00017773453877244216,-0.006403799959444893,-0.011449905315614559,-0.021766270744281453
2018-10-26,174.55,True,174.55,,0.0029758558679173347,0.026942348453378173,0.0029758558679173347,-0.0005879574587186603,-0.006263278150248457,-0.010191607746736747
2018-11-02,175.66,True,175.66,,0.00106720577041141,0.02484206016835344,0.00106720577041141,-0.002949808215451745,-0.006787569189630034,-0.016073437709961592
2018-11-09,175.43,True,175.43,,-0.0032237477280216767,0.020327190552289487,-0.0032237477280216767,-0.009558466673839812,-0.009829783586071873,-0.019547044064606632
2018-11-16,175.01,True,175.01,,-0.006895375831336842,0.01639947652813145,-0.006895375831336842,-0.007073110370109284,-0.013476910329554177,-0.019778561997564226
2018-11-23,175.49,True,175.49,,-0.005396661301765651,0.01761003591650212,-0.005396661301765651,-0.008372517169682986,-0.008960474628401646,-0.017024301156152652
2018-11-30,175.5,True,175.5,,-0.006545602633835551,0.01614096330934256,-0.006545602633835551,-0.007612808404246961,-0.010562616619698706,-0.015784736652001342
2018-12-07,175.06,True,175.06,,-0.006708011618388604,0.015659502492670896,-0.006708011618388604,-0.0034842638903669274,-0.01304273056420674,-0.014562786578430048
2018-12-14,175.53,True,175.53,,-0.006730085797493582,0.015270101533558567,-0.006730085797493582,0.00016529003384326002,-0.006907820336266024,-0.013336121655543778
2018-12-21,173.76,True,173.76,,-0.019609425631552532,0.0019586387965562224,-0.019609425631552532,-0.014212764329786881,-0.022585281499469867,-0.026190960129769868
2018-12-28,,False,173.685,,-0.019783401326256833,,,,,
2019-01-04,173.61,True,173.61,,-0.021867455193521127,-0.0008060801910438897,-0.021867455193521127,-0.015159443575132523,-0.01864370746549945,-0.025884469179384282
2019-01-11,171.96,True,171.96,,-0.031774321591744495,-0.01052823978297912,-0.031774321591744495,-0.025044235794250913,-0.024878945760407653,-0.03810904053756263
2019-01-18,172.28,True,172.28,,-0.032201332209551695,-0.010738513214559653,-0.032201332209551695,-0.012591906577999162,-0.026804670907786043,-0.03237906674832414
2019-01-25,171.58,True,171.58,,-0.03888945176747047,-0.017161603406226078,-0.03888945176747047,-0.019106050441213634,-0.03234384913363492,-0.0418653076353878
2019-02-01,172.24,True,172.24,,-0.04175190738654061,-0.01966145543286313,-0.04175190738654061,-0.019884452193019483,-0.035043895768152006,-0.04281911315695202
2019-02-08,171.27,True,171.27,,-0.04648351310006324,-0.023998844296816202,-0.04648351310006324,-0.014709191508318745,-0.03975342730256966,-0.04325976537204156
2019-02-15,171.61,True,171.61,,-0.042529049387978704,-0.019618654733854157,-0.042529049387978704,-0.01032771717842701,-0.022919623756426172,-0.03563367355664186
2019-02-22,171.29,True,171.29,,-0.04759156748012804,-0.024224034715621734,-0.04759156748012804,-0.008702115712657575,-0.02780816615387121,-0.04219490617836239
2019-03-01,171.88,True,171.88,,-0.04469847785837024,-0.020842483999126138,-0.04469847785837024,-0.0029465704718296334,-0.022831022664849116,-0.03815287522453469
2019-03-08,171.81,True,171.81,,-0.04308228337377151,-0.018739557230416537,-0.04308228337377151,0.003401229726291727,-0.011307961782027018,-0.03637427175538291
2019-03-15,172.3,True,172.3,,-0.04344991269478722,-0.018572824934370402,-0.04344991269478722,-0.000920863306808517,-0.011248580485235526,-0.03671982689729364
2019-03-22,171.98,True,171.98,,-0.03577244937213668,-0.010296845762820084,-0.03577244937213668,0.011819118107991362,0.003117002395333787,-0.016163023740584148
2019-03-29,172.73,True,172.73,,-0.03158571317183116,-0.005513632027152937,-0.03158571317183116,0.013112764686539082,0.010166194214709448,-0.011802311845574329
2019-04-05,172.42,True,172.42,,-0.03317470331028036,-0.006878043472078765,-0.03317470331028036,0.009907580063491156,0.013308809789782883,-0.01130724811675923
2019-04-12,172.95,True,172.95,,-0.02050292701057586,0.005740643755096642,-0.02050292701057586,0.02294698568421136,0.022026122377402844,0.011271394581168635
2019-04-19,172.65,True,172.65,,-0.024045331981388477,0.0021453636500918805,-0.024045331981388477,0.011727117390748203,0.023546235498739566,0.008156000228163218
2019-04-26,174.18,True,174.18,,-0.011098416025184455,0.01503961711977464,-0.011098416025184455,0.020487297146646707,0.033600061833185785,0.027791035742286013
2019-05-03,173.66,True,173.66,,-0.017875070449413208,0.008210511576391077,-0.017875070449413208,0.015299632860867149,0.025207212924358305,0.023876836937127402
2019-05-10,173.98,True,173.98,,-0.010334249568852507,0.01569909143511694,-0.010334249568852507,0.010168677441723353,0.03311566312593471,0.03614926353121073
2019-05-17,174.32,True,174.32,,-0.010313078597410305,0.015668230222153134,-0.010313078597410305,0.013732253383978172,0.025459370774726375,0.0322159707905684
2019-05-24,175.29,True,175.29,,-0.0028457654981878105,0.023083718724561386,-0.0028457654981878105,0.008252650526996645,0.02873994767364335,0.04474580198194023
2019-05-31,175.4,True,175.4,,-0.0056053449423558305,0.020272521031287738,-0.0056053449423558305,0.012269725507057377,0.027569358367924526,0.03909313291601441
2019-06-07,175.52,True,175.52,,-0.004462671389174024,0.021363781453044517,-0.004462671389174024,0.005871578179678483,0.016040255621401836,0.038619611984597485
2019-06-14,175.25,True,175.25,,-0.008798861227387801,0.016976382380815558,-0.008798861227387801,0.001514217370022504,0.015246470754000676,0.03465105146739942
2019-06-21,175.84,True,175.84,,-0.0035279373884274205,0.02219629967256065,-0.0035279373884274205,-0.00068217189023961,0.0075704786367570345,0.032244511983709256
2019-06-28,176.2,True,176.2,,-0.005783400202641856,0.0198900317968862,-0.005783400202641856,-0.00017805526028602525,0.012091670246771352,0.025802312969189306
2019-07-05,175.92,True,175.92,,-0.005526841767522647,0.02009598546472713,-0.005526841767522647,-0.001064170378348623,0.00480740780132986,0.02764786154275771
2019-07-12,175.43,True,175.43,,-0.01133485401904168,0.014237567557915831,-0.01133485401904168,-0.0025359927916538787,-0.0010217754216313747,0.00916807299153418
2019-07-19,176.18,True,176.18,,-0.005282438015093108,0.02023977584564829,-0.005282438015093108,-0.0017545006266656872,-0.002436672516905297,0.01876289396629537
2019-07-26,175.65,True,175.65,,-0.01706807147264426,0.008404131447242058,-0.01706807147264426,-0.011284671270002405,-0.01146272653028843,-0.005969655447459806
2019-08-02,175.81,True,175.81,,-0.013117885777582862,0.01230450182219922,-0.013117885777582862,-0.007591044010060215,-0.008655214388408838,0.004757184671830346
2019-08-09,175.93,True,175.93,,-0.014226928183273847,0.011145838571560596,-0.014226928183273847,-0.0028920741642321675,-0.005428066955886046,-0.0038926786144213403
2019-08-16,,False,176.01333333333335,,-0.01565628014029237,,,,,
2019-08-23,,False,176.09666666666666,,-0.020682762503060885,,,,,
2019-08-30,176.18,True,176.18,,-0.02078794000482396,0.004437119743567308,-0.02078794000482396,-0.0076700542272410965,-0.015261098237301311,-0.015182595062468128
2019-09-06,177.14,True,177.14,,-0.015988821670877756,0.009187383854516895,-0.015988821670877756,-0.0017618934876039091,-0.004653967651836077,-0.011526150281703732
2019-09-13,177.03,True,177.03,,-0.015005219926546291,0.010105683822487777,-0.015005219926546291,0.0006510602137460783,-0.009722781911453184,-0.00620635869915849
2019-09-20,176.87,True,176.87,,-0.019205344082593716,0.005840508791391308,-0.019205344082593716,0.0014774184204671692,-0.0021372726099494546,-0.015677406694166295
2019-09-27,177.24,True,177.24,,-0.019096018627660805,0.005885032829209713,-0.019096018627660805,0.0016919213771631539,-0.005978132850077943,-0.013312618425018949
2019-10-04,176.4,True,176.4,,-0.02217522972784175,0.0027247973261852465,-0.02217522972784175,-0.006186408056963993,-0.007948301544567903,-0.016648387960319103
2019-10-11,177.0,True,177.0,,-0.01592609063401393,0.008909629632735339,-0.01592609063401393,-0.0009208707074676373,-0.00026981049372155896,-0.004591236614972249
2019-10-18,176.35,True,176.35,,-0.02377448153621245,0.0009644570004114783,-0.02377448153621245,-0.004569137453618734,-0.0030917190331515645,-0.018492043521119342
2019-10-25,177.08,True,177.08,,-0.016452369668627058,0.008108229152104407,-0.016452369668627058,0.0026436489590337467,0.004335570336196901,0.0006157018040172033
2019-11-01,176.6,True,176.6,,-0.019883093797050062,0.004483421715161029,-0.019883093797050062,0.0022921359307916875,-0.003894272126172306,-0.0067652080194672
2019-11-08,177.31,True,177.31,,-0.016343349333883816,0.007813424417942194,-0.016343349333883816,-0.00041725869986988795,-0.0013381294073375252,-0.002116421150609969
2019-11-15,176.95,True,176.95,,-0.018640338070285437,0.0053074570470226234,-0.018640338070285437,0.005134143465927013,0.0005650060123082792,-0.002984057929993067
2019-11-22,176.34,True,176.34,,-0.022391199137833426,0.0013808629749005874,-0.022391199137833426,-0.005938829469206368,-0.003295180510172621,-0.0017084366347725408
2019-11-29,,False,176.735,,-0.02045173598488083,,,,,
2019-12-06,177.13,True,177.13,,-0.023462857029608528,-5.6454116931448084e-05,-0.023462857029608528,-0.007119507695724711,-0.007536766395594599,-0.007474035358730771
2019-12-13,178.01,True,178.01,,-0.017696553145068947,0.005520518752154757,-0.017696553145068947,0.0009437849252164898,0.006077928391143503,-0.0026913332185226554
2019-12-20,178.08,True,178.08,,-0.016194469165455527,0.006817888080532519,-0.016194469165455527,0.0061967299723778985,0.0002579005031715306,0.0030108749171381885
2019-12-27,,False,178.05,,-0.01824870932394726,,,,,
2020-01-03,178.02,True,178.02,,-0.013554361558800243,0.009141759958094298,-0.013554361558800243,0.009908495470808285,0.0027889877750835734,0.008620868169041507
2020-01-10,177.97,True,177.97,,-0.018125866184930964,0.005465264188065255,-0.018125866184930964,-0.0004293130398620171,0.0005144718853544727,-0.0021997755509170352
2020-01-17,178.32,True,178.32,,-0.013405675810679373,0.011109032395552276,-0.013405675810679373,0.002788793354776154,0.008985523327154053,0.010368805725533076
2020-01-24,178.79,True,178.79,,-0.0159056409245385,0.009610324899788303,-0.0159056409245385,0.0023430683994087598,0.004546095060342328,0.0005467287440885579
2020-01-31,178.46,True,178.46,,-0.01605191803169019,0.010477198302146107,-0.01605191803169019,-0.0024975564728899474,0.007410938997918337,0.003831175765359872
2020-02-07,177.97,True,177.97,,-0.023838718138767354,0.003715383692997065,-0.023838718138767354,-0.00571285195383639,-0.006142164993698407,-0.007495368804883537
2020-02-14,178.52,True,178.52,,-0.019741094749763637,0.008833432969597155,-0.019741094749763637,-0.006335418939084264,-0.00354662558430811,-0.0011007566794782007
2020-02-21,178.48,True,178.48,,-0.01749533775044298,0.012062600465395867,-0.01749533775044298,-0.0015896968259044783,0.0007533715735042815,0.0048958613873904475
2020-02-28,178.37,True,178.37,,-0.021328353656508568,0.009208609024240921,-0.021328353656508568,-0.005276435624818377,-0.0077739920977083245,-0.0008766176716277392
2020-03-06,177.88,True,177.88,,-0.027302509371150273,0.004225239377990242,-0.027302509371150273,-0.0034637912323829192,-0.009176643186219309,-0.0038396523415417452
2020-03-13,177.19,True,177.19,,-0.0371473675534035,-0.004617125319363424,-0.0371473675534035,-0.01740627280363986,-0.023741691742724124,-0.01945081440833455
2020-03-20,173.34,False,173.34,待核实：远期 EPS 单周 -2.2%（177.19 → 173.34）；03-27 离可疑值更近 → 判真实变动，补认,-0.060522294695944424,,,,,
2020-03-27,169.68,False,169.68,待核实：远期 EPS 单周 -2.1%（173.34 → 169.68）；04-03 离可疑值更近 → 判真实变动，补认,-0.08270420622983793,,,,,
2020-04-03,165.16,False,165.16,待核实：远期 EPS 单周 -2.7%（169.68 → 165.16）；04-10 离可疑值更近 → 判真实变动，补认,-0.11046608582014433,,,,,
2020-04-10,158.96,False,158.96,待核实：远期 EPS 单周 -3.8%（165.16 → 158.96）；04-17 离可疑值更近 → 判真实变动，补认,-0.14900269431962618,,,,,
2020-04-17,151.33,False,151.33,待核实：远期 EPS 单周 -4.9%（158.96 → 151.33）；04-24 离可疑值更近 → 判真实变动，补认,-0.20070913941646146,,,,,
2020-04-24,146.48,False,146.48,待核实：远期 EPS 单周 -3.3%（151.33 → 146.48）；05-01 离可疑值更近 → 判真实变动，补认,-0.23646405817164562,,,,,
2020-05-01,143.47,False,143.47,待核实：远期 EPS 单周 -2.1%（146.48 → 143.47）；05-08 离可疑值更近 → 判真实变动，补认,-0.25592493675604755,,,,,
2020-05-08,141.23,True,141.23,,-0.27089267319835447,-0.23122522968092163,-0.27089267319835447,-0.1218899788787283,-0.23374530564495097,-0.2470539550595871
2020-05-15,140.52,True,140.52,,-0.28104825430305946,-0.23935081236344313,-0.28104825430305946,-0.080339114886598,-0.22052595960711505,-0.2613071595532958
2020-05-22,140.41,True,140.41,,-0.28370073020667264,-0.23990983599772608,-0.28370073020667264,-0.047236672035027016,-0.2009965239768347,-0.26620539245622965
2020-05-29,140.92,True,140.92,,-0.28159839984284357,-0.23566769109717445,-0.28159839984284357,-0.025673463086796022,-0.17113231402269924,-0.260270046186335
2020-06-05,140.83,True,140.83,,-0.2815947123049376,-0.2335556764325366,-0.2815947123049376,-0.010702039106583128,-0.13259201798531142,-0.25429220293378735
2020-06-12,141.61,True,141.61,,-0.27435328251944446,-0.22414580293501096,-0.27435328251944446,0.006694971783615,-0.073644143102983,-0.23720591496604096
2020-06-19,142.25,True,142.25,,-0.2500434877147302,-0.19766891069975845,-0.2500434877147302,0.03365724249194246,-0.013579429543084554,-0.18952119301878576
2020-06-26,142.11,True,142.11,,-0.2318531200087661,-0.17731290465265648,-0.2318531200087661,0.04974527983407748,0.024071816747281455,-0.14914891377892817
2020-07-03,142.93,True,142.93,,-0.20116090056344044,-0.144559701096866,-0.20116090056344044,0.08043381174149716,0.06973177263491404,-0.0906948147432961
2020-07-10,143.28,True,143.28,,-0.16191977160828475,-0.10385184049110485,-0.16191977160828475,0.11243351091115972,0.11912848269477472,-0.012917077288658568
2020-07-17,144.2,True,144.2,,-0.1076831515815115,-0.04826165784808634,-0.1076831515815115,0.1423603361332187,0.17601757862516115,0.09302598783494996
2020-07-24,145.75,True,145.75,,-0.0657747590380574,-0.004996075135653477,-0.0657747590380574,0.1660783609707087,0.21582364080478617,0.1706892991335882
2020-07-31,147.56,True,147.56,,-0.0338587080234041,0.02810891861817666,-0.0338587080234041,0.16730219254003634,0.2477360042815335,0.22206622873264345
2020-08-07,150.19,True,150.19,,-0.00012551567846397216,0.06151139213651735,-0.00012551567846397216,0.16179425592982077,0.2742277668409805,0.2707671575198905
2020-08-14,,False,151.07,,0.011147966116622832,,,,,
2020-08-21,,False,151.95000000000002,,0.01820573393145486,,,,,
2020-08-28,152.83,True,152.83,,0.020921014312599545,0.08113383906670801,0.020921014312599545,0.054779722336003644,0.22208191487603998,0.30251941415544314
2020-09-04,153.56,True,153.56,,0.026856910708992723,0.08653788092263781,0.026856910708992723,0.026982426387456696,0.18877668231727746,0.3084516230139303
2020-09-11,153.88,True,153.88,,0.024032033678058215,0.08309627764912708,0.024032033678058215,0.012884067561435383,0.1317151852595697,0.2983853161975027
2020-09-18,154.7,True,154.7,,0.025463572760120762,0.08390168457257996,0.025463572760120762,0.007257838828665902,0.09123833179817817,0.27550706047485096
2020-09-25,155.34,True,155.34,,0.031239182956337957,0.08901485738773118,0.031239182956337957,0.010318168643738412,0.06509789097974206,0.26309230296510405
2020-10-02,156.52,True,156.52,,0.033661680184980225,0.09082879742118788,0.033661680184980225,0.006804769475987502,0.0337871958634442,0.23482258074842066
2020-10-09,157.39,True,157.39,,0.03746195366198973,0.09392604381105318,0.03746195366198973,0.013429919983931518,0.0263139875453669,0.19938172527027448
2020-10-16,158.33,True,158.33,,0.03773232378485425,0.09348023766249369,0.03773232378485425,0.012268751024733487,0.01952658985339939,0.14541547536636573
2020-10-23,159.15,True,159.15,,0.0329845020725453,0.08795432849750018,0.0329845020725453,0.0017453191162073445,0.012063487759945757,0.09875926111060271
2020-10-30,160.68,True,160.68,,0.030985620594745633,0.08517993676260627,0.030985620594745633,-0.002676059590234592,0.00412870988575291,0.06484432861814973
2020-11-06,162.52,True,162.52,,0.025484444802223505,0.07889991190203638,0.025484444802223505,-0.011977508859766228,0.0014524111241652898,0.025609960480687477
2020-11-13,163.75,True,163.75,,0.027995302832331176,0.08059756895972736,0.027995302832331176,-0.009737020952523073,0.002531730072210414,0.016847336715708344
2020-11-20,165.06,True,165.06,,0.030988984909979506,0.08275752480173626,0.030988984909979506,-0.0019955171625657964,-0.0002501980463584519,0.012783250978524646
2020-11-27,,False,165.865,,0.030864691021713214,,,,,
2020-12-04,166.67,True,166.67,,0.0317607781343279,0.08192443942148842,0.0317607781343279,0.006276333332104395,-0.005701175527661834,0.004903867425335176
2020-12-11,167.49,True,167.49,,0.03536001191312571,0.0847505701062845,0.03536001191312571,0.007364709080794535,-0.0023723118717285385,0.011327978235067496
2020-12-18,168.44,True,168.44,,0.0364422424062065,0.0850918457147074,0.0364422424062065,0.005453257496226993,0.0034577403336611967,0.010978669646085737
2020-12-25,,False,168.39666666666668,,0.032764568486015,,,,,
2021-01-01,,False,168.35333333333332,,0.0257963570971805,,,,,
2021-01-08,168.31,True,168.31,,0.021983069934351146,0.06708071557456474,0.021983069934351146,-0.013376941978774565,-0.00601223289798003,-0.015478883727638587
2021-01-15,169.44,True,169.44,,0.024573976569269435,0.06781741933975383,0.024573976569269435,-0.011868265836937064,-0.006415008340710071,-0.013158347215584815
2021-01-22,171.25,True,171.25,,0.031823230170512,0.07327732341423321,0.031823230170512,-0.0009413383155029986,0.0009585391487987871,-0.0011612719020333007
2021-01-29,173.73,True,173.73,,0.03825063069088418,0.07808756041472709,0.03825063069088418,0.012454273593703678,0.006489852556556278,0.007265010096138544
2021-02-05,175.99,True,175.99,,0.04131581971600895,0.07962610412259341,0.04131581971600895,0.019332749781657804,0.0059558078028832395,0.015831374913785445
2021-02-12,176.41,True,176.41,,0.037637092922753634,0.07446995679295387,0.037637092922753634,0.0130631163534842,0.0011948505165471357,0.009641790090422458
2021-02-19,177.1,True,177.1,,0.03501480855833866,0.07040550062424966,0.03501480855833866,0.00319157838782666,0.0022502400723236615,0.004025823648359156
2021-02-26,178.11,True,178.11,,0.03727056622542928,0.0712271324758289,0.03727056622542928,-0.0009800644654548996,0.011474209128248779,0.006405875203716063
2021-03-05,178.6,True,178.6,,0.03657579514086872,0.069132858888314,0.03657579514086872,-0.0047400245751402295,0.014592725206517575,0.004815017006540821
2021-03-12,179.88,True,179.88,,0.04022748903609317,0.07136631391212767,0.04022748903609317,0.002590396113339534,0.015653512466823734,0.004867477122967458
2021-03-19,180.44,True,180.44,,0.03911647621068265,0.06881870924646805,0.03911647621068265,0.004101667652343988,0.007293246040170648,0.0026742338044761504
2021-03-26,181.0,True,181.0,,0.04390112460675377,0.07217472379444079,0.04390112460675377,0.0066305583813244945,0.005650493915869595,0.011136556120738772
2021-04-02,181.41,True,181.41,,0.04764742078376497,0.074694717522366,0.04764742078376497,0.011071625642896252,0.006331601067756022,0.021851063686584474
2021-04-09,182.91,True,182.91,,0.05619557484155159,0.08318671144975998,0.05619557484155159,0.015968085805458422,0.018558481918797956,0.034212504907200444
2021-04-16,185.35,True,185.35,,0.06281183851685201,0.08974704774364461,0.06281183851685201,0.023695362306169365,0.027797029958513353,0.03823786194758258
2021-04-23,183.78,True,183.78,,0.04373539978004594,0.07061491293040412,0.04373539978004594,-0.00016572482670783317,0.006464833554616661,0.011912169609533937
2021-04-30,191.43,False,191.43,待核实：远期 EPS 单周 +4.1%（183.78 → 191.43）；05-07 离可疑值更近 → 判真实变动，补认,0.07019578969572687,,,,,
2021-05-07,194.52,True,194.52,,0.07333900109753227,0.1001078102934656,0.07333900109753227,0.017143426255980684,0.033111512061439106,0.032023181381523325
2021-05-14,195.83,True,195.83,,0.07772230613136318,0.10443610462043029,0.07772230613136318,0.014910467614511161,0.038605829920680526,0.04008521320860954
2021-05-21,196.18,True,196.18,,0.07565904691819203,0.10231806034738167,0.07565904691819203,0.03192364713814609,0.03175792231143826,0.04064423835985337
2021-05-28,,False,197.445,,0.07645427496408941,,,,,
2021-06-04,198.71,True,198.71,,0.08014769225601666,0.10669780697532616,0.08014769225601666,0.006808691158484384,0.02395211741446507,0.04357189711514794
2021-06-11,199.02,True,199.02,,0.0746193619525591,0.10111536028450985,0.0746193619525591,-0.003102944178804079,0.011807523435707082,0.03439187291646593
2021-06-18,188.56,False,199.97,待核实：远期 EPS 单周 -5.4%（199.02 → 188.56）；07-02 离原值更近 → 判笔误作废,0.0763269406400766,,,,,
2021-06-25,,False,200.92000000000002,,0.07802136288364529,,,,,
2021-07-02,201.87,True,201.87,,0.08052929806608637,0.10686426291510465,0.08052929806608637,0.00038160581006971284,0.007190296968554097,0.0328818772823214
2021-07-09,201.91,True,201.91,,0.07254610382724688,0.09882782497444786,0.07254610382724688,-0.0020732581253122134,-0.0051762023041162925,0.016350528985695292
2021-07-16,203.74,True,203.74,,0.0683700492469827,0.09459874156517944,0.0683700492469827,-0.007956891393093898,-0.00728899767120933,0.005558210730130686
2021-07-23,205.05,True,205.05,,0.08345840258446321,0.10951446176532897,0.08345840258446321,0.005437039700817922,0.007004127620373807,0.039723002804417276
2021-07-30,208.45,True,208.45,,0.05939592083849723,0.08517699777844001,0.05939592083849723,-0.021133377227589144,-0.02075177141751943,-0.010799868857229646
2021-08-06,209.91,True,209.91,,0.05067111381275824,0.07614388189032972,0.05067111381275824,-0.021874990014488643,-0.023948248139800857,-0.022667887284774035
2021-08-13,211.41,True,211.41,,0.05140397924236643,0.07655244007829598,0.05140397924236643,-0.016966070004616272,-0.02492296139771017,-0.026318326888996747
2021-08-20,,False,211.94,,0.052445249051399634,,,,,
2021-08-27,,False,212.47,,0.04883727388820379,,,,,
2021-09-03,213.0,True,213.0,,0.04527993072807517,0.06944569029170022,0.04527993072807517,-0.005391183084683067,-0.02726617309917171,-0.034867761527941486
2021-09-10,213.97,True,213.97,,0.04858425222921575,0.07243049609184293,0.04858425222921575,-0.002819727013150676,-0.01978579701776695,-0.026035109723343344
2021-09-17,214.06,True,214.06,,0.044544220945921274,0.06808899425931791,0.044544220945921274,-0.00790102810547836,-0.03891418163854194,-0.031782719694155324
2021-09-24,213.89,True,213.89,,0.039310625007415584,0.06255504529552258,0.039310625007415584,-0.009526648880788205,-0.020085295831081644,-0.03871073787622971
2021-10-01,214.31,True,214.31,,0.03683773384160495,0.059799639078248035,0.03683773384160495,-0.008442196886470223,-0.01383337997115329,-0.04369156422448142
2021-10-08,214.62,True,214.62,,0.038349884700671744,0.06104696893669903,0.038349884700671744,-0.010234367528544008,-0.013054094541694684,-0.03419621912657514
2021-10-15,218.63,True,218.63,,0.04813608545519804,0.07053613212687626,0.04813608545519804,0.0035918645092767668,-0.004309163596201593,-0.02023396379178466
2021-10-22,216.66,True,216.66,,0.032934684408580286,0.0550754526793531,0.032934684408580286,-0.006375940598835297,-0.015902589479623502,-0.05052371817588293
2021-10-29,217.84,True,217.84,,0.0221429898762212,0.044061644038698944,0.0221429898762212,-0.014694743965383748,-0.02313694085185397,-0.037252930962276026
2021-11-05,218.69,True,218.69,,0.019244693497418246,0.04097633447431637,0.019244693497418246,-0.019105191203253498,-0.029339558731797506,-0.031426420315339994
2021-11-12,219.31,True,219.31,,0.015141138167455576,0.03668687801237258,0.015141138167455576,-0.032994947287742465,-0.0294030827784657,-0.03626284107491085
2021-11-19,219.84,True,219.84,,0.015203182858226715,0.03659679328729393,0.015203182858226715,-0.017731501550353572,-0.02410744214918887,-0.03724206619317292
2021-11-26,,False,220.535,,0.01601363584118705,,,,,
2021-12-03,221.23,True,221.23,,0.016786444348678854,0.037910718612470085,0.016786444348678854,-0.0024582491487393915,-0.02156344035199289,-0.02849348637939632
2021-12-10,221.21,True,221.21,,0.012253946162873786,0.03327665830407156,0.012253946162873786,-0.00288719200458179,-0.035882139292324255,-0.036330306066341966
2021-12-17,220.22,True,220.22,,0.007433594274874306,0.028370697129215472,0.007433594274874306,-0.007769588583352409,-0.02550109013370598,-0.03711062667104697
2021-12-24,,False,221.165,,0.012595387151401113,,,,,
2021-12-31,,False,222.11,,0.014999180350466712,,,,,
2022-01-07,,False,223.055,,0.017960486386930593,,,,,
2022-01-14,224.0,True,224.0,,0.0038037874349416585,0.024265248566242903,0.0038037874349416585,-0.003629806839932647,-0.011399395423285056,-0.044332298020256386
2022-01-21,,False,224.67000000000002,,0.015885734433255617,,,,,
2022-01-28,225.34,True,225.34,,0.01340884857352818,0.03384952437051503,0.01340884857352818,-0.0015903317769385313,-0.0033775957751506734,-0.00873414130269302
2022-02-04,227.28,True,227.28,,0.018063875450885364,0.03852753564570133,0.018063875450885364,0.0001033890639547709,0.005809929288011578,-0.0011808180465328819
2022-02-11,228.63,True,228.63,,0.021115497739349082,0.0416187223267217,0.021115497739349082,0.017311710304407424,0.013681903464474777,0.005974359571893507
2022-02-18,228.14,True,228.14,,0.0165499727428172,0.03705946656576753,0.0165499727428172,0.0006642383095615823,0.003954585591416086,0.0013467898845904852
2022-02-25,228.12,True,228.12,,0.013299650214404022,0.03381539383900556,0.013299650214404022,-0.00010919835912415882,-0.00169953013606269,-0.002713985626783027
2022-03-04,229.66,True,229.66,,0.016891539635066913,0.037397070026147894,0.016891539635066913,-0.001172335815818451,-0.0010689467518636801,0.0001050952863880586
2022-03-11,230.24,True,230.24,,0.019547118439104845,0.040009766556126536,0.019547118439104845,-0.0015683793002442374,0.015743331004163186,0.007293172276231059
2022-03-18,230.98,True,230.98,,0.027316663547410715,0.04770408000149651,0.027316663547410715,0.010766690804593516,0.011430929114155098,0.01988306927253641
2022-03-25,231.8,True,231.8,,0.026653478964118724,0.04696590162491887,0.026653478964118724,0.013353828749714702,0.013244630390590543,0.01405809181271761
2022-04-01,232.33,True,232.33,,0.024748354526198318,0.044986020136779103,0.024748354526198318,0.007856814891131405,0.006684479075312954,0.009749174175731606
2022-04-08,234.39,True,234.39,,0.029361808200708658,0.04956801685519174,0.029361808200708658,0.009814689761603813,0.008246310461359575,0.011401321813778065
2022-04-15,234.03,True,234.03,,0.0236284110714448,0.0438032604132923,0.0236284110714448,-0.0036882524759659155,0.0070784383286276,0.01982462363650314
2022-04-22,236.22,True,236.22,,0.029987328035585025,0.050130915254315234,0.029987328035585025,0.0033338490714663015,0.016687677821181003,0.014101593602329408
2022-04-29,236.88,True,236.88,,0.029830889223318707,0.049943311057315753,0.029830889223318707,0.005082534697120389,0.012939349588251794,0.016422040649790526
2022-05-06,235.62,True,235.62,,0.015956247532738718,0.03603760027204039,0.015956247532738718,-0.01340556066796994,-0.0035908709063661275,-0.0021076279181466463
2022-05-13,236.75,True,236.75,,0.014849376230987959,0.034899755720052106,0.014849376230987959,-0.008779034840456841,-0.012467287316422757,-0.0062661215083611235
2022-05-20,237.85,True,237.85,,0.0216612456380894,0.04168074727853899,0.0216612456380894,-0.008326082397495625,-0.004992233326029324,0.0051112728952722
2022-05-27,237.3,True,237.3,,0.019464638400032642,0.03945335715337972,0.019464638400032642,-0.010366250823286065,-0.005283716126165676,0.00616498818562862
2022-06-03,238.68,True,238.68,,0.018565757915489242,0.038523788305838025,0.018565757915489242,0.0026095103827505246,-0.010796050285219416,0.0016742182804223293
2022-06-10,239.16,True,239.16,,0.018083104756917052,0.03801054087364619,0.018083104756917052,0.0032337285259290936,-0.0055453063145277474,-0.0014640136821877925
2022-06-17,232.07,False,239.7,待核实：远期 EPS 单周 -3.0%（239.16 → 232.07）；06-24 离原值更近 → 判笔误作废,0.017160079252973064,,,,,
2022-06-24,240.24,True,240.24,,0.015896964657411285,0.0357634927694237,0.015896964657411285,-0.003567673742621357,-0.013933924565907422,-0.010756514306707439
2022-07-01,239.58,True,239.58,,0.010892401991296177,0.030728615515988267,0.010892401991296177,-0.007673355924193066,-0.005063845541442541,-0.013855952534902141
2022-07-08,239.42,True,239.42,,0.0014269458321974071,0.02123293714646124,0.0014269458321974071,-0.016656158924719645,-0.013422430398790552,-0.02793486236851125
2022-07-15,239.9,True,239.9,,0.004996996518207626,0.024772857577317176,0.004996996518207626,-0.012163082734765438,-0.016664249119881774,-0.018631414553237174
2022-07-22,239.46,True,239.46,,-0.006123008235176541,0.01362281410499655,-0.006123008235176541,-0.022019972892587825,-0.025587646635209182,-0.036110336270761566
2022-07-29,238.15,True,238.15,,-0.014368831287407118,0.005347043453533651,-0.014368831287407118,-0.025261233278703294,-0.03293458920289636,-0.04419972051072582
2022-08-05,237.25,True,237.25,,-0.012791918175357849,0.0068940996720643355,-0.012791918175357849,-0.014218864007555256,-0.0308750229322749,-0.028748165708096567
2022-08-12,,False,237.3225,,-0.017241007679682098,,,,,
2022-08-19,,False,237.39499999999998,,-0.021541376958164594,,,,,
2022-08-26,,False,237.4675,,-0.018891378734713603,,,,,
2022-09-02,237.54,True,237.54,,-0.02435520144571452,-0.004787712307787295,-0.02435520144571452,-0.011563283270356672,-0.025782147277911928,-0.04292095936120376
2022-09-09,238.46,True,238.46,,-0.022469282284827162,-0.002931202634718133,-0.022469282284827162,-0.005228274605145064,-0.027466278803034788,-0.040552387041744214
2022-09-16,237.89,True,237.89,,-0.027088517919158034,-0.007579759483164139,-0.027088517919158034,-0.00554714096099344,-0.020965509683981493,-0.0442485971721311
2022-09-23,237.85,True,237.85,,-0.029460612704208217,-0.00999820079678404,-0.029460612704208217,-0.010569233969494614,-0.0150917814168011,-0.0453575773616195
2022-09-30,,False,237.42000000000002,,-0.02847286896158819,,,,,
2022-10-07,236.99,True,236.99,,-0.029537419525447438,-0.010201385671115837,-0.029537419525447438,-0.007068137240620276,-0.01229641184576534,-0.030964365357644845
2022-10-14,236.77,True,236.77,,-0.032337877084441066,-0.013132964050741158,-0.032337877084441066,-0.005249359165283032,-0.010796500126276472,-0.03733487360264869
2022-10-21,234.99,True,234.99,,-0.03786632409507126,-0.018843428241440918,-0.03786632409507126,-0.008405711390863047,-0.01897494536035766,-0.03174331585989472
2022-10-28,233.58,True,233.58,,-0.038062655855613324,-0.019376096396449327,-0.038062655855613324,-0.009589786894025135,-0.013707454409898803,-0.023693824568206207
2022-11-04,231.05,True,231.05,,-0.04474465944805523,-0.026480300173761684,-0.04474465944805523,-0.015207239922607793,-0.02227537716322807,-0.031952741272697385
2022-11-11,231.37,True,231.37,,-0.04322766319231723,-0.02540181491504523,-0.04322766319231723,-0.010889786107876165,-0.016139145273159197,-0.025986655512635133
2022-11-18,230.16,True,230.16,,-0.048321768832116155,-0.03095070121090071,-0.048321768832116155,-0.010455444737044892,-0.018861156127907938,-0.02678039187395156
2022-11-25,,False,230.89,,-0.04500680412646981,,,,,
2022-12-02,231.62,True,231.62,,-0.04168554332530092,-0.025237932589862844,-0.04168554332530092,0.0030591161227543143,-0.012148123799853479,-0.017330341879586396
2022-12-09,231.78,True,231.78,,-0.04437455540822655,-0.028412935471740397,-0.04437455540822655,-0.0011468922159093217,-0.012036678323785487,-0.02190527312339939
2022-12-16,230.94,True,230.94,,-0.045092577149973306,-0.029650445433464512,-0.045092577149973306,0.0032291916821428485,-0.007226253054902043,-0.018004059230815272
2022-12-23,,False,230.89,,-0.0446398458911576,,,,,
2022-12-30,,False,230.84,,-0.0425470401445635,,,,,
2023-01-06,230.79,True,230.79,,-0.041679149409927396,-0.026509740013155536,-0.041679149409927396,0.0026954059982991566,0.0015485137823898348,-0.012141729884479958
2023-01-13,230.24,True,230.24,,-0.04411145783569517,-0.027966962655850303,-0.04411145783569517,0.0009811193142781338,0.004210310996420982,-0.011773580751254106
2023-01-20,229.34,True,229.34,,-0.041504571623736386,-0.024337341437098203,-0.041504571623736386,0.0031352742674212106,0.0035022325027334253,-0.003638247528665123
2023-01-27,228.11,True,228.11,,-0.042037718371626474,-0.023696662100172183,-0.042037718371626474,0.000509321772937027,-0.0003521750463255577,-0.00397506251601315
2023-02-03,227.16,True,227.16,,-0.03657705916653409,-0.016979522307043915,-0.03657705916653409,0.005102090243393309,0.007797496241692466,0.008167600281521144
2023-02-10,226.75,True,226.75,,-0.041037209397374666,-0.02017007172434493,-0.041037209397374666,0.0030742484383205065,0.00405536775259864,0.002190453794942565
2023-02-17,227.25,True,227.25,,-0.03487382229802803,-0.012723986185704028,-0.03487382229802803,0.006630749325708354,0.009766023593129565,0.013447946534088123
2023-02-24,226.68,True,226.68,,-0.041830304468969175,-0.018402075329493783,-0.041830304468969175,0.00020741390265729964,0.0007167356755943266,0.0031764996575006366
2023-03-03,227.51,True,227.51,,-0.042623590238436426,-0.017903904287308592,-0.042623590238436426,-0.006046531071902339,-0.00094444082850903,-0.0009380469131355096
2023-03-10,227.81,True,227.81,,-0.043300886004232625,-0.01727669770038176,-0.043300886004232625,-0.002263676606857959,0.0008105718314625476,0.001073669403993928
2023-03-17,227.6,True,227.6,,-0.04192732308666065,-0.014568234271534308,-0.04192732308666065,-0.007053500788632622,-0.00042275146292426735,0.003165254063312653
2023-03-24,,False,227.58499999999998,,-0.043107246594363574,,,,,
2023-03-31,227.57,True,227.57,,-0.044282795614491714,-0.014266946471638953,-0.044282795614491714,-0.001659205376055288,-0.007705736447957627,-0.001735755469928213
2023-04-07,227.24,True,227.24,,-0.04564639520841575,-0.015501478450026696,-0.04564639520841575,-0.0023455092041831244,-0.004609185811041083,-0.003967245798488353
2023-04-14,226.57,True,226.57,,-0.04614346717471978,-0.01606829518969466,-0.04614346717471978,-0.0042161440880591275,-0.01126964487669175,-0.0020320093390246083
2023-04-21,226.91,True,226.91,,-0.0406579047377669,-0.010652155516980066,-0.0406579047377669,0.0024493418565966762,0.0011723997312022769,0.0008466668859694881
2023-04-28,228.47,True,228.47,,-0.028359704304443095,0.001576941936144216,-0.028359704304443095,0.01592309131004862,0.014263885933993331,0.01367801406718338
2023-05-05,229.45,True,229.45,,-0.01983733500818391,0.010030525831610682,-0.01983733500818391,0.02580906020023184,0.023463550996048715,0.016739724158350178
2023-05-12,229.48,True,229.48,,-0.017831600095572695,0.011967790738424355,-0.017831600095572695,0.028311867079147086,0.024095722991087958,0.02320560930180197
2023-05-19,229.4,True,229.4,,-0.020314762421089653,0.009416471637682555,-0.020314762421089653,0.020343142316677245,0.02279248417327392,0.014559059876938379
2023-05-26,233.22,True,233.22,,-0.0012205055786899122,0.028442882790768564,-0.0012205055786899122,0.027139198725753183,0.0430622900358018,0.04060979889027926
2023-06-02,232.21,True,232.21,,-0.00914791045125302,0.020447941189677188,-0.00914791045125302,0.01068942455693089,0.03649848475716273,0.03347567978718341
2023-06-09,232.1,True,232.1,,-0.010872256692847717,0.018656365074527947,-0.010872256692847717,0.006959343402724978,0.03527121048187207,0.032428629311384904
2023-06-16,,False,232.59,,-0.007774152015276769,,,,,
2023-06-23,233.08,True,233.08,,-0.005433949513408674,0.023857947291194392,-0.005433949513408674,-0.0042134439347187615,0.02292575479103442,0.037673297080954904
2023-06-30,232.62,True,232.62,,-0.0071745082707214275,0.021948337539765994,-0.0071745082707214275,0.0019734021805315922,0.012662826737462482,0.03710828734377029
2023-07-07,233.42,True,233.42,,-0.0022411349453741528,0.02683267829528102,-0.0022411349453741528,0.008631121747473564,0.015590465150198542,0.043405260263041597
2023-07-14,,False,232.99,,-0.0010834155361233722,,,,,
2023-07-21,232.56,True,232.56,,-0.00446556034084792,0.024594793157442396,-0.00446556034084792,0.0009683891725607539,-0.0032450547621580075,0.03619234439691898
2023-07-28,233.89,True,233.89,,-0.005599449339068037,0.023446008676410557,-0.005599449339068037,0.0015750589316533906,0.003548461112184983,0.02276025496537506
2023-08-04,234.47,True,234.47,,-0.007321392632341273,0.021642507091802266,-0.007321392632341273,-0.00508025768696712,0.0035508640605064444,0.012515942375842637
2023-08-11,,False,235.79500000000002,,-0.0017357994808504668,,,,,
2023-08-18,,False,237.12,,0.004297271326222943,,,,,
2023-08-25,,False,238.445,,-0.006564924280884503,,,,,
2023-09-01,239.77,False,239.77,待核实：远期 EPS 单周 +2.2%（234.47 → 239.77）；09-08 离可疑值更近 → 判真实变动，补认,0.0034296362748847953,,,,,
2023-09-08,239.31,True,239.31,,0.0020628829210000837,0.030591469310756736,0.0020628829210000837,0.0037986824018505505,0.003146298457123456,0.0129351396138478
2023-09-15,239.63,True,239.63,,0.0013859564465477925,0.02981882018549964,0.0013859564465477925,-0.0029113148796751503,0.005851516787395712,0.009160108461824561
2023-09-22,240.56,True,240.56,,0.003130830739944246,0.031587796405400326,0.003130830739944246,0.009695755020828749,0.008730280079012283,0.00856478025335292
2023-09-29,240.21,True,240.21,,0.003626355057206661,0.032107319841759185,0.003626355057206661,0.00019671878232186552,0.010947747689547933,0.010800863327928088
2023-10-06,240.58,True,240.58,,0.0018276813355383031,0.030213268581719355,0.0018276813355383031,-0.0002352015854617806,0.00356348081638877,0.004068816280912456
2023-10-13,240.31,True,240.31,,0.0026435962174658767,0.030934222335171846,0.0026435962174658767,0.0012576397709180842,-0.0016536751087570661,0.003727011753589249
2023-10-20,241.69,True,241.69,,0.01039552189415921,0.03850765699926484,0.01039552189415921,0.007264691154214964,0.016960446175043713,0.01486108223500713
2023-10-27,241.94,True,241.94,,0.005902054144936844,0.03383884216890021,0.005902054144936844,0.0022756990877301833,0.002472417870052049,0.011501503484004881
2023-11-03,242.57,True,242.57,,0.006133751537514359,0.03396268058448548,0.006133751537514359,0.004306070201976056,0.0040708686165142755,0.013455144169855632
2023-11-10,241.52,True,241.52,,-0.0036844733633913523,0.02398950193064664,-0.0036844733633913523,-0.006328069580857229,-0.005070429809939145,-0.0019486738825408856
2023-11-17,242.38,True,242.38,,-0.005579270585295934,0.021940400432619356,-0.005579270585295934,-0.015974792479455144,-0.00871010132524018,-0.009876541911518877
2023-11-24,,False,243.325,,-0.007106689597244101,,,,,
2023-12-01,244.27,True,244.27,,-0.008667538766794367,0.018594040373231202,-0.008667538766794367,-0.014801290304308726,-0.01049522010233267,-0.012097175041679162
2023-12-08,243.91,True,243.91,,-0.008100891546820671,0.01903952220023708,-0.008100891546820671,-0.004416418183429319,-0.010744487764286548,-0.010163774467820755
2023-12-15,244.54,True,244.54,,-0.006706554557689898,0.020282827631566747,-0.006706554557689898,-0.0011272839723939637,-0.017102076451849108,-0.00809251100423769
2023-12-22,,False,244.42666666666665,,-0.010876949258007251,,,,,
2023-12-29,,False,244.31333333333333,,-0.00971877662589593,,,,,
2024-01-05,244.2,True,244.2,,-0.011590297895147903,0.014934887110677586,-0.011590297895147903,-0.003489406348327232,-0.00790582453175655,-0.013417979230686206
2024-01-12,245.14,True,245.14,,-0.007012265901230989,0.019899719388105197,-0.007012265901230989,-0.0003057113435410916,-0.0014329953159350553,-0.009655862118696866
2024-01-19,245.18,True,245.18,,-0.012960266991235578,0.014336721416962739,-0.012960266991235578,-0.0020833177332283265,-0.005853577393991477,-0.023355788885394788
2024-01-26,244.71,True,244.71,,-0.016343864836155922,0.011384074448896442,-0.016343864836155922,-0.006625088210259991,-0.007676326069361555,-0.022245918981092766
2024-02-02,245.31,True,245.31,,-0.016924529294242,0.011232388324865283,-0.016924529294242,-0.005334231399094096,-0.008823637747421328,-0.02305828083175636
2024-02-09,246.2,True,246.2,,-0.009439561537072923,0.01919192835176986,-0.009439561537072923,-0.002427295635841934,-0.0027330069793830257,-0.005755088173681571
2024-02-16,246.56,True,246.56,,-0.012005293323612911,0.017098629031464085,-0.012005293323612911,0.0009549736676226668,-0.0011283440656056597,-0.006426022738316977
2024-02-23,,False,247.54000000000002,,-0.012400042710575324,,,,,
2024-03-01,248.52,True,248.52,,-0.012777587775228041,0.017249154308582426,-0.012777587775228041,0.004146941519013958,-0.0011872898800801383,-0.004110049008433675
2024-03-08,249.15,True,249.15,,-0.009205806856712458,0.02125581993602843,-0.009205806856712458,0.0002337546803604651,-0.002193540955481469,-0.0011049153098917873
2024-03-15,250.02,True,250.02,,-0.00877920791960338,0.022162019946373235,-0.00877920791960338,0.0032260854040095308,0.0041810590716321976,-0.0020726533619134825
2024-03-22,249.98,True,249.98,,-0.008971258583817851,0.02246558256937181,-0.008971258583817851,0.0034287841267574733,0.007372606252338071,0.0019056906741894003
2024-03-29,251.12,True,251.12,,-0.00446893601167013,0.027479358054304903,-0.00446893601167013,0.008308651763557912,0.01245559328257187,0.005249840614225801
2024-04-05,251.08,True,251.08,,-0.004315201797240313,0.027784051772727025,-0.004315201797240313,0.004890605059472145,0.00512435973983261,0.00727509609790759
2024-04-12,252.38,True,252.38,,-0.003055367728413104,0.029106412311745267,-0.003055367728413104,0.005723840191190276,0.008949925595199807,0.003956898172817885
2024-04-19,251.82,True,251.82,,-0.005466625755970053,0.02672191190670592,-0.005466625755970053,0.003504632827847798,0.006933416954605271,0.007493641235265525
2024-04-26,252.42,True,252.42,,-0.0012122693937672152,0.031020530849885652,-0.0012122693937672152,0.0032566666179029147,0.011565318381460826,0.015131595442388707
2024-05-03,254.48,True,254.48,,0.005205451881737218,0.036699530598893304,0.005205451881737218,0.009520653678977531,0.014411258738449676,0.022129981175979217
2024-05-10,255.59,True,255.59,,0.005875038330520582,0.03743038435700452,0.005875038330520582,0.008930406058933686,0.014654246250123962,0.015314599867593506
2024-05-17,255.9,True,255.9,,0.005547717900049917,0.037181371593938195,0.005547717900049917,0.01101434365601997,0.014518976483867768,0.017553011223662828
2024-05-24,256.97,True,256.97,,0.005658347172931455,0.03738716145218035,0.005658347172931455,0.00687061656669867,0.010127283184601585,0.01805838988350678
2024-05-31,257.91,True,257.91,,0.005263867348833932,0.037087361658969975,0.005263867348833932,5.8415467096714635e-05,0.009579069146074246,0.018041455124061974
2024-06-07,258.6,True,258.6,,0.0053096441923893845,0.037227341610343245,0.0053096441923893845,-0.0005653941381311978,0.008365011920802488,0.014515451049101843
2024-06-14,258.75,True,258.75,,0.0022930321112785562,0.034321429917161694,0.0022930321112785562,-0.003254685788771361,0.007759657867248609,0.011072240030881936
2024-06-21,,False,259.12,,0.003773092528025726,,,,,
2024-06-28,,False,259.49,,0.0005597114819770183,,,,,
2024-07-05,259.86,True,259.86,,0.0017295016820738363,0.03437141100525931,0.0017295016820738363,-0.003580142510315548,-0.004145536648446746,0.006044703479314149
2024-07-12,260.96,True,260.96,,0.0008069861202655987,0.03343125064793906,0.0008069861202655987,-0.0014860459910129575,-0.0047407317797843185,0.0038623538486787026
2024-07-19,261.54,True,261.54,,0.005181048811875921,0.03787268890480178,0.005181048811875921,0.0014079562838501952,-0.0004772983610555337,0.010647674567845974
2024-07-26,262.1,True,262.1,,0.004874339657455734,0.03763174349887599,0.004874339657455734,0.004314628175478716,-0.00038952769137819837,0.006086609051222949
2024-08-02,263.12,True,263.12,,-0.0002176345518586989,0.03338795443991316,-0.0002176345518586989,-0.0019471362339325352,-0.005527278744248083,-0.005423086433595917
2024-08-09,263.33,True,263.33,,-0.003884467044529369,0.029833400377635044,-0.003884467044529369,-0.0046914531647949675,-0.006177499155807925,-0.009759505375049951
2024-08-16,263.96,True,263.96,,-0.0028174079058275736,0.03101083334947763,-0.0028174079058275736,-0.007998456717703495,-0.0065905004338533,-0.00836512580587749
2024-08-23,,False,265.02666666666664,,-0.003049686219957784,,,,,
2024-08-30,,False,266.09333333333336,,-0.0027764155871313687,,,,,
2024-09-06,267.16,True,267.16,,-0.0015549290918548744,0.032565263519678034,-0.0015549290918548744,0.0023295379526744944,-0.002361915212120473,-0.006864573284244259
2024-09-13,267.74,True,267.74,,-5.598487253155593e-05,0.03415401577817345,-5.598487253155593e-05,0.0027614230332960177,-0.005237033684407477,-0.002349016983810112
2024-09-20,266.99,True,266.99,,-0.004331340950333537,0.029919929652266752,-0.004331340950333537,-0.001281654730375753,-0.009205680607789271,-0.008104433478359263
2024-09-27,265.99,True,265.99,,-0.009536229946992242,0.024740547872111662,-0.009536229946992242,-0.006759814359860873,-0.009318595395133543,-0.01009594142896926
2024-10-04,266.35,True,266.35,,-0.009602947471266166,0.02466820890841781,-0.009602947471266166,-0.008048018379411291,-0.005718480426736797,-0.011332449153340002
2024-10-11,,False,266.54,,-0.013108376481995906,,,,,
2024-10-18,266.73,True,266.73,,-0.014591523732662898,0.019649675322801485,-0.014591523732662898,-0.01026018278232936,-0.011541837512705114,-0.01977257254453882
2024-10-25,267.74,True,267.74,,-0.012925564044268076,0.021290250028391355,-0.012925564044268076,-0.003389334097275834,-0.010149148457136707,-0.01779990370172381
2024-11-01,267.86,True,267.86,,-0.016321157745401882,0.017854254078174314,-0.016321157745401882,-0.006718210274135716,-0.014766228653547007,-0.016103523193543183
2024-11-08,269.44,True,269.44,,-0.011087495639574133,0.022937732568968805,-0.011087495639574133,0.002020880842421774,-0.011031510767042577,-0.007203028595044764
2024-11-15,270.42,True,270.42,,-0.009711165362816535,0.02417872941539123,-0.009711165362816535,0.004880358369846363,-0.0053798244124829975,-0.006893757456988961
2024-11-22,270.4,True,270.4,,-0.013683371846662795,0.020071894314520833,-0.013683371846662795,-0.0007578078023947193,-0.004147141899670553,-0.010633685626705011
2024-11-29,,False,271.41499999999996,,-0.013819446447081787,,,,,
2024-12-06,272.43,True,272.43,,-0.013938374342930174,0.01953397051241179,-0.013938374342930174,-0.002850878703356041,-0.0008299978609342673,-0.0123834452510753
2024-12-13,272.83,True,272.83,,-0.01449159486386735,0.018832530239710543,-0.01449159486386735,-0.004780429501050815,9.992886879554852e-05,-0.014435609991335793
2024-12-20,,False,273.2966666666667,,-0.009831824391339547,,,,,
2024-12-27,,False,273.7633333333333,,-0.004243925267195123,,,,,
2025-01-03,274.23,True,274.23,,-0.003853723410572933,0.029155936970829188,-0.003853723410572933,0.01008465093235724,0.007233772229001199,0.005749224060693232
2025-01-10,275.27,True,275.27,,-0.0008195218278096578,0.03222810802858511,-0.0008195218278096578,0.013672073036057691,0.008891643535006877,0.012288854654186249
2025-01-17,274.88,True,274.88,,-0.0029569973555288454,0.030097727994732537,-0.0029569973555288454,0.006874827035810702,0.01072637449113395,0.011634526377134052
2025-01-24,275.62,True,275.62,,-0.004039811350919548,0.029006745089247055,-0.004039811350919548,0.00020411391627557507,0.00977963509616224,0.008885752693348528
2025-01-31,275.96,True,275.96,,-0.0032808968799873175,0.029791471718931817,-0.0032808968799873175,0.0005728265305856156,0.010657477462942856,0.013040260865414564
2025-02-07,275.27,True,275.27,,-0.011755383450902039,0.021406703126204185,-0.011755383450902039,-0.010935861623092381,0.00273621141296531,-0.0006678878113279066
2025-02-14,275.45,True,275.45,,-0.014810012856584162,0.01842981798811305,-0.014810012856584162,-0.011853015501055317,-0.004978188465244615,-0.005098847493767628
2025-02-21,,False,275.97,,-0.012927354675878175,,,,,
2025-02-28,276.49,True,276.49,,-0.014886871718035127,0.01852563909391325,-0.014886871718035127,-0.01160597483804781,-0.011033148307462194,-0.00106742527095334
2025-03-07,277.22,True,277.22,,-0.01609592985734594,0.017429714415360564,-0.01609592985734594,-0.0043405464064439,-0.015276408029536281,-0.0021575555144157654
2025-03-14,277.46,True,277.46,,-0.016828492301307105,0.016827888055116702,-0.016828492301307105,-0.0020184794447229426,-0.01387149494577826,-0.0023368974374397555
2025-03-21,278.2,True,278.2,,-0.016033414602117643,0.0177823832390418,-0.016033414602117643,-0.0031060599262394684,-0.011993603251198096,-0.006201590210778096
2025-03-28,277.72,True,277.72,,-0.01964296130854029,0.014349425699985652,-0.01964296130854029,-0.004756089590505164,-0.016362064428552973,-0.015399036041345168
2025-04-04,278.17,True,278.17,,-0.019844676050272667,0.014265267251631464,-0.019844676050272667,-0.0037487461929267274,-0.008089292599370627,-0.015990952639699733
2025-04-11,277.27,True,277.27,,-0.026892463618918117,0.007239326508972965,-0.026892463618918117,-0.010063971317611012,-0.012082450762333954,-0.02607294179110846
2025-04-18,277.67,True,277.67,,-0.024037089990220445,0.01009871943270646,-0.024037089990220445,-0.008003675388102802,-0.01110973531434227,-0.0210800926346916
2025-04-25,277.01,True,277.01,,-0.0290563794416554,0.005030501171743751,-0.0290563794416554,-0.009413418133115109,-0.014169507723620273,-0.025016568090735852
2025-05-02,277.43,True,277.43,,-0.028228325050179096,0.005312721435378087,-0.028228325050179096,-0.008383648999906429,-0.012132395192833156,-0.024947428170191778
2025-05-09,276.29,True,276.29,,-0.02970413778249574,0.0036986045499034503,-0.02970413778249574,-0.002811674163577624,-0.012875645481188636,-0.0179487543315937
2025-05-16,276.49,True,276.49,,-0.029460586809678793,0.0037685300243648356,-0.029460586809678793,-0.005423496819458348,-0.01342717220756115,-0.014650573953094631
2025-05-23,276.87,True,276.87,,-0.0298004513426514,0.0032559177884188273,-0.0298004513426514,-0.000744071900995999,-0.010157490034111108,-0.016873096666773224
2025-05-30,277.57,True,277.57,,-0.028984867053512053,0.0038984996854010134,-0.028984867053512053,-0.0007565420033329578,-0.009140191003239387,-0.014097995335476926
2025-06-06,,False,278.72,,-0.02729667423303629,,,,,
2025-06-13,279.87,True,279.87,,-0.023871038696304192,0.008648430988400513,-0.023871038696304192,0.005589548113374601,0.00016605129391625284,-0.007042546394997087
2025-06-20,,False,280.14,,-0.0253976740423716,,,,,
2025-06-27,280.41,True,280.41,,-0.02253464847864827,0.009639405977528881,-0.02253464847864827,0.006450218574863782,0.005693676571530824,-0.00289168717010798
2025-07-04,280.51,True,280.51,,-0.02362518337597442,0.008376937365699888,-0.02362518337597442,0.0036714908570618723,0.006078954406521321,-0.0037805073257017527
2025-07-11,281.63,True,281.63,,-0.016263173448095088,0.015602392011304644,-0.016263173448095088,0.007607865248209104,0.013197413361583706,0.010629290170823029
2025-07-18,283.66,True,283.66,,-0.010421043757759138,0.0213429796378648,-0.010421043757759138,0.014976630284612463,0.01937940758489226,0.013616046232461307
2025-07-25,284.08,True,284.08,,-0.006497120412435428,0.02520228201608976,-0.006497120412435428,0.016037528066212843,0.022487746641076625,0.022559259029219972
2025-08-01,285.56,True,285.56,,-0.003180529236549094,0.0288835155209739,-0.003180529236549094,0.020444654139425325,0.024116144996487197,0.02504779581363
2025-08-08,286.88,True,286.88,,0.00565894368941882,0.037612971126753436,0.00565894368941882,0.021922117137513908,0.029529982385723012,0.03536308147191456
2025-08-15,,False,288.00666666666666,,0.008946999477525273,,,,,
2025-08-22,,False,289.1333333333333,,0.011569497919452006,,,,,
2025-08-29,290.26,True,290.26,,0.013025759126567574,0.04470391941372576,0.013025759126567574,0.016206288363116668,0.03665094250254199,0.04201062618007963
2025-09-05,294.21,True,294.21,,0.022467445783249156,0.054086104408200164,0.022467445783249156,0.016808502093830335,0.03873061923134424,0.04976412001628545
2025-09-12,292.78,True,292.78,,0.013554947361537985,0.045096264102285843,0.013554947361537985,0.004607947884012711,0.023975991119297123,0.03742598605784218
2025-09-19,293.45,True,293.45,,0.014953437971124778,0.04641778879344294,0.014953437971124778,0.003383940051672772,0.021450558383560206,0.04035111201349638
2025-09-26,293.54,True,293.54,,0.01437437620525095,0.045761098320451055,0.01437437620525095,0.0013486170786833757,0.017554905441800044,0.03690902468389922
2025-10-03,294.53,True,294.53,,0.017462019059658745,0.04877149052448004,0.017462019059658745,-0.00500542672359041,0.011803075370239925,0.041087202435633165
2025-10-10,295.4,True,295.4,,0.01652032448792974,0.04773621739683609,0.01652032448792974,0.0029653771263917564,0.007573325010404468,0.03278349793602483
2025-10-17,295.94,True,295.94,,0.011258626377368366,0.04238039320792719,0.011258626377368366,-0.0036948115937564113,-0.00031087154208363915,0.021679670135127505
2025-10-24,296.85,True,296.85,,0.012926449910007673,0.04397107208185158,0.012926449910007673,-0.0014479262952432764,-9.930921655990077e-05,0.0194235703224431
2025-10-31,298.56,True,298.56,,0.01348604555642359,0.04451875302471908,0.01348604555642359,-0.003975973503235156,-0.008981400226825566,0.016666574792972684
2025-11-07,296.05,True,296.05,,0.00044029147426366544,0.031464349120962076,0.00044029147426366544,-0.016080033013666076,-0.01311465588727432,-0.005218652215155155
2025-11-14,300.78,True,300.78,,0.012349386845084936,0.043395472487286924,0.012349386845084936,0.00109076046771657,-0.0026040511260398413,0.003402387367559663
2025-11-21,304.13,True,304.13,,0.019453729201052317,0.0505672988436876,0.019453729201052317,0.006527279291044644,0.005079352995801367,0.007884231281600311
2025-11-28,,False,305.125,,0.018779958062894633,,,,,
2025-12-05,306.12,True,306.12,,0.008455552328051633,0.03968338386938175,0.008455552328051633,0.008015260853787967,-0.008064772159878109,-0.014011893455197523
2025-12-12,306.71,True,306.71,,0.015206364640184308,0.04648120199701822,0.015206364640184308,0.002856977795099372,0.003947738262815942,0.0016514172786463235
2025-12-19,310.77,True,310.77,,0.025950580425800146,0.05734582173377678,0.025950580425800146,0.006496851224747829,0.013024130515792473,0.010997142454675368
2025-12-26,,False,311.1066666666666,,0.026622709820867424,,,,,
2026-01-02,,False,311.4433333333333,,0.02406105543974449,,,,,
2026-01-09,311.78,True,311.78,,0.02148630134261277,0.053967440787254795,0.02148630134261277,0.0062799367024284625,0.009136914497527834,0.00496597685468303
2026-01-16,312.81,True,312.81,,0.022271914458407288,0.05543924639522313,0.022271914458407288,-0.003678665967392858,0.0028181852573549715,0.011013288081038922
2026-01-23,312.82,True,312.82,,0.01855121396409761,0.05240098452941133,0.01855121396409761,-0.008071495856769813,-0.00022874409879702212,0.005624764054089938
2026-01-30,313.92,True,313.92,,0.01565420279930472,0.050167258718019525,0.01565420279930472,-0.00840685264043977,0.007198650471253086,0.002168157242881129
2026-02-06,316.2,True,316.2,,0.030627704100155813,0.06584656579758708,0.030627704100155813,0.009141402757543042,0.015421339459971505,0.030187412625892147
2026-02-13,317.8,True,317.8,,0.019152930953722697,0.05504315359914891,0.019152930953722697,-0.0031189835046845915,-0.006797649472077449,0.00680354410863776
2026-02-20,,False,318.82500000000005,,0.010674730146140093,,,,,
2026-02-27,319.85,True,319.85,,0.009999432573091382,0.0471306071830222,0.009999432573091382,-0.005654770226213336,-0.014061622866653106,-0.008780525489803251
2026-03-06,322.2,True,322.2,,0.013493594810391071,0.05119528880115354,0.013493594810391071,-0.01713410928976474,-0.0079927065322217,0.005038042482339439
2026-03-13,324.2,True,324.2,,0.017188832705686392,0.05545793356129192,0.017188832705686392,-0.0019640982480363042,-0.005083081752720896,0.001982468065502084
2026-03-20,326.34,True,326.34,,0.01012689844766046,0.04888669392480427,0.01012689844766046,-0.0005478316984796339,-0.008424315516437152,-0.015823681978139686
2026-03-27,325.49,True,325.49,,0.005948114286967801,0.045195906199740676,0.005948114286967801,-0.004051318286123581,-0.009706088512336918,-0.020674595533899623
2026-04-03,332.09,False,332.09,待核实：远期 EPS 单周 +2.0%（325.49 → 332.09）；04-10 离可疑值更近 → 判真实变动，补认,0.024628319519702013,,,,,
2026-04-10,334.54,True,334.54,,0.03101838843484843,0.07045864299932791,0.03101838843484843,0.013829555729162037,0.011865457481125732,0.009532087092235658
2026-04-17,336.9,True,336.9,,0.034869228263074065,0.07419017294289532,0.034869228263074065,0.024742329815413605,0.02419449811693397,0.012597313804666777
2026-04-24,340.11,True,340.11,,0.044438794897596355,0.08364114945152146,0.044438794897596355,0.038490680610628554,0.03443936232450497,0.025887580933498744
2026-05-01,344.93,True,344.93,,0.055118843824504306,0.09420332151694044,0.055118843824504306,0.030490524304802293,0.041625249014113234,0.03946464102519959
2026-05-08,349.39,True,349.39,,0.06084654434383163,0.09981385202273785,0.06084654434383163,0.029828155908983203,0.04365771163814524,0.03021884024367582
2026-05-15,350.53,True,350.53,,0.05917320254702514,0.09802404072065407,0.05917320254702514,0.024303974283951077,0.04904630409936468,0.040020271593302445
2026-05-22,352.27,True,352.27,,0.061020501198164864,0.09975556411066044,0.061020501198164864,0.01658170630056851,0.05507238691119706,0.05034577105202477
2026-05-29,356.78,True,356.78,,0.07064723372110368,0.10926720942697532,0.07064723372110368,0.015528389896599375,0.04601891420140167,0.0606478011480123
2026-06-05,359.45,True,359.45,,0.07089704424951429,0.1094026146870073,0.07089704424951429,0.010050499905682658,0.03987865581466586,0.05740344943912322
2026-06-12,367.88,False,367.88,待核实：远期 EPS 单周 +2.3%（359.45 → 367.88）；06-26 离可疑值更近 → 判真实变动，补认,0.08800434766953938,,,,,
2026-06-19,,False,366.96000000000004,,0.07901766356369523,,,,,
2026-06-26,366.04,True,366.04,,0.07912892896220611,0.11741087783668913,0.07912892896220611,0.008481695241102427,0.024010085137701802,0.0731808146752383
2026-07-03,366.82,True,366.82,,0.06119667420624564,0.09946524800576828,0.06119667420624564,-0.009700370043268652,0.0003501298624140059,0.036568354686543625
2026-07-10,367.98,True,367.98,,0.056919621040986065,0.09527213498208553,0.056919621040986065,-0.031084726628553314,-0.0022535815060390763,0.025901232606137636
2026-07-17,371.12,True,371.12,,0.0582873071224074,0.0967393100309808,0.0582873071224074,-0.02073035644128783,-0.002733194075757464,0.023418078859333336
2026-07-24,368.57,True,368.57,,0.04216544641896282,0.0803615581862287,0.04216544641896282,-0.03696348254324329,-0.028481787302140862,-0.002273348478633537
2026-07-31,379.47,False,379.47,待核实：远期 EPS 单周 +2.9%（368.57 → 379.47）；08-07 离可疑值更近 → 判真实变动，补认,0.057688244350618506,,,,,
2026-08-07,385.5,True,385.5,,0.06113642295912628,0.09835241620527402,0.06113642295912628,0.004216801918140216,-0.026867924710413098,0.0002898786152946489
2026-08-14,,False,388.48,,0.06610637961937371,,,,,
2026-08-21,,False,391.46,,0.06932057238942027,,,,,
2026-08-28,394.44,False,394.44,待核实：远期 EPS 单周 +2.3%（385.50 → 394.44）；09-04 离可疑值更近 → 判真实变动，补认,0.06457527751107753,,,,,
2026-09-04,397.32,True,397.32,,0.06468936503393778,0.10016691591727422,0.06468936503393778,0.0035529420748115007,0.0077697439929517165,-0.006207679215576509
2026-09-11,397.47,True,397.47,,0.0421625966621489,0.07736266151364468,0.0421625966621489,-0.02394378295722481,-0.0161247104602585,-0.04584175100739048
2026-09-18,399.88,True,399.88,,0.05098851528984487,0.0859116518100631,0.05098851528984487,-0.018332057099575402,0.00882306887088205,-0.028029148273850363
2026-09-25,401.26,True,401.26,,0.05727057444804001,0.09186697920487674,0.05727057444804001,-0.007304703063037515,-0.00041766990257849357,-0.021858354514166095
2026-10-02,402.71,True,402.71,,0.05901233747775003,0.0933454354076293,0.05901233747775003,-0.00567702755618775,-0.002124085481376249,-0.002184336728495606
