date,ticker,group,rank,sector,r30,r_pre,up,dn,up7,p30,p90,spx30,n_analysts
2026-10-02,BXP,股价未动,483,房地产,0.0669,-0.028,4,0,1,-0.0914,-0.121,0.0046,2
2026-10-02,CIEN,双确认,215,信息技术,0.2549,0.0136,23,0,23,0.0522,-0.1025,0.0046,19
2026-10-02,EME,双确认,285,工业,0.1165,0.0066,17,0,1,0.0459,-0.0068,0.0046,9
2026-10-02,FANG,股价未动,220,能源,0.0342,0.0081,31,11,7,-0.0869,0.0842,0.0046,26
2026-10-02,FRT,股价未动,484,房地产,0.0304,0.0172,6,0,0,-0.0669,-0.1026,0.0046,5
2026-10-02,HPE,双确认,136,信息技术,0.1368,0.0193,31,0,30,0.2727,0.5703,0.0046,20
2026-10-02,HPQ,双确认,310,信息技术,0.046,-0.0008,24,3,25,0.0365,0.4803,0.0046,16
2026-10-02,INVH,股价未动,421,房地产,0.1042,0.0154,4,2,2,-0.0835,-0.1255,0.0046,2
2026-10-02,KEYS,双确认,188,信息技术,0.1608,0.005,22,0,22,0.171,0.1912,0.0046,12
2026-10-02,NDSN,双确认,393,工业,0.034,-0.0002,14,0,14,0.0496,0.1365,0.0046,7
2026-10-02,NTAP,双确认,253,信息技术,0.1056,0.0189,29,0,29,0.1741,0.3991,0.0046,19
2026-10-02,OXY,股价未动,204,能源,0.0644,-0.0443,25,12,6,-0.0467,0.188,0.0046,22
2026-10-02,SNPS,双确认,121,信息技术,0.0573,0.0149,37,1,38,0.1825,0.1221,0.0046,21
2026-10-02,WSM,双确认,318,可选消费,0.0333,0.0029,26,1,24,0.0507,0.0292,0.0046,13
2026-10-02,XOM,股价未动,15,能源,0.0595,-0.0019,10,3,2,-0.0044,0.2027,0.0046,15
2026-10-03,BXP,股价未动,481,房地产,0.0669,-0.0278,4,0,1,-0.0888,-0.118,0.0073,2
2026-10-03,CIEN,双确认,210,信息技术,0.2553,0.0136,23,0,23,0.105,-0.0737,0.0073,19
2026-10-03,EME,双确认,281,工业,0.1165,0.0066,17,0,1,0.0713,0.016,0.0073,9
2026-10-03,FANG,股价未动,220,能源,0.0308,0.0134,31,11,7,-0.092,0.0796,0.0073,26
2026-10-03,HPE,双确认,127,信息技术,0.1386,0.0194,31,0,30,0.341,0.6858,0.0073,20
2026-10-03,HPQ,双确认,309,信息技术,0.0459,-0.0008,24,3,25,0.0138,0.4789,0.0073,16
2026-10-03,INVH,股价未动,423,房地产,0.1035,0.0155,4,2,2,-0.0869,-0.1375,0.0073,2
2026-10-03,KEYS,双确认,186,信息技术,0.1609,0.005,22,0,22,0.1961,0.2255,0.0073,12
2026-10-03,NDSN,双确认,392,工业,0.034,-0.0002,14,0,14,0.0566,0.1521,0.0073,7
2026-10-03,NTAP,双确认,244,信息技术,0.1056,0.0189,29,0,29,0.2517,0.4721,0.0073,19
2026-10-03,OXY,股价未动,201,能源,0.0637,-0.0445,25,12,6,-0.0421,0.1929,0.0073,22
2026-10-03,SNPS,双确认,123,信息技术,0.057,0.0152,37,1,38,0.1777,0.1206,0.0073,21
2026-10-03,WSM,双确认,319,可选消费,0.0333,0.0029,26,1,24,0.0477,0.0244,0.0073,13
2026-10-03,XOM,股价未动,15,能源,0.0596,-0.002,10,3,2,-0.0009,0.2041,0.0073,15
