date,ticker,close,ret
2026-10-01,BXP,60.24,-0.014237
2026-10-01,CIEN,379.14,0.077653
2026-10-01,EME,769.03,0.019271
2026-10-01,FANG,185.51,0.009249
2026-10-01,FRT,108.03,0.008401
2026-10-01,HPE,64.58,0.0108
2026-10-01,HPQ,32.15,0.027813
2026-10-01,INVH,26.4,0.002659
2026-10-01,KEYS,373.88,0.02703
2026-10-01,NDSN,329.02,0.003569
2026-10-01,NTAP,215.05,0.023658
2026-10-01,OXY,57.84,0.045553
2026-10-01,SNPS,490.54,0.127834
2026-10-01,SPY,763.99,0.001783
2026-10-01,WSM,233.39,0.02391
2026-10-01,XOM,163.82,0.006575
2026-10-01,^GSPC,7666.4502,0.001949
2026-10-02,BXP,60.45,0.003486
2026-10-02,CIEN,391.34,0.032178
2026-10-02,EME,786.61,0.02286
2026-10-02,FANG,184.71,-0.004312
2026-10-02,FRT,106.69,-0.012404
2026-10-02,HPE,69.33,0.073552
2026-10-02,HPQ,32.12,-0.000933
2026-10-02,INVH,26.04,-0.013636
2026-10-02,KEYS,384.64,0.028779
2026-10-02,NDSN,333.54,0.013738
2026-10-02,NTAP,226.27,0.052174
2026-10-02,OXY,58.08,0.004149
2026-10-02,SNPS,489.9,-0.001305
2026-10-02,SPY,769.64,0.007395
2026-10-02,WSM,232.3,-0.00467
2026-10-02,XOM,164.01,0.00116
2026-10-02,^GSPC,7722.7202,0.00734
2026-10-05,BXP,59.37,-0.017866
2026-10-05,CIEN,389.69,-0.004216
2026-10-05,EME,779.2,-0.00942
2026-10-05,FANG,184.08,-0.003411
2026-10-05,FRT,105.97,-0.006749
2026-10-05,HPE,68.36,-0.013991
2026-10-05,HPQ,31.47,-0.020237
2026-10-05,INVH,26.06,0.000768
2026-10-05,KEYS,384.17,-0.001222
2026-10-05,NDSN,334.43,0.002668
2026-10-05,NTAP,223.77,-0.011049
2026-10-05,OXY,58.31,0.00396
2026-10-05,SNPS,488.47,-0.002919
2026-10-05,SPY,774.83,0.006743
2026-10-05,WSM,238.7,0.027551
2026-10-05,XOM,164.0,-6.1e-05
2026-10-05,^GSPC,7773.9502,0.006634
2026-10-06,APA,44.1,0.005701
2026-10-06,BXP,59.79,0.007074
2026-10-06,CIEN,443.65,0.138469
2026-10-06,COIN,185.74,-0.013176
2026-10-06,EME,824.52,0.058162
2026-10-06,EOG,144.28,0.001388
2026-10-06,FANG,184.98,0.004889
2026-10-06,FRT,106.2,0.00217
2026-10-06,HPE,70.48,0.031012
2026-10-06,HPQ,31.73,0.008262
2026-10-06,INVH,26.39,0.012663
2026-10-06,KEYS,388.03,0.010048
2026-10-06,NDSN,334.22,-0.000628
2026-10-06,NTAP,228.45,0.020914
2026-10-06,OXY,58.33,0.000343
2026-10-06,SNPS,505.17,0.034188
2026-10-06,SPY,779.09,0.005498
2026-10-06,TPL,355.16,0.030435
2026-10-06,WSM,242.25,0.014872
2026-10-06,XOM,164.48,0.002927
2026-10-06,^GSPC,7818.9302,0.005786
2026-10-07,APA,43.81,-0.006576
2026-10-07,BXP,59.42,-0.006188
2026-10-07,CIEN,446.45,0.006311
2026-10-07,COIN,178.45,-0.039248
2026-10-07,EME,784.66,-0.048343
2026-10-07,EOG,144.21,-0.000485
2026-10-07,FANG,184.38,-0.003244
2026-10-07,FRT,105.11,-0.010264
2026-10-07,HPE,72.09,0.022843
2026-10-07,HPQ,32.24,0.016073
2026-10-07,INVH,25.86,-0.020083
2026-10-07,KEYS,381.42,-0.017035
2026-10-07,NDSN,327.69,-0.019538
2026-10-07,NTAP,235.77,0.032042
2026-10-07,OXY,58.21,-0.002057
2026-10-07,SNPS,502.67,-0.004949
2026-10-07,SPY,777.22,-0.0024
2026-10-07,TPL,345.79,-0.026382
2026-10-07,WSM,240.46,-0.007389
2026-10-07,XOM,164.05,-0.002614
2026-10-07,^GSPC,7801.77,-0.002195
2026-10-08,APA,45.47,0.037891
2026-10-08,BXP,59.32,-0.001683
2026-10-08,CIEN,425.93,-0.045963
2026-10-08,COIN,172.0,-0.036145
2026-10-08,EME,778.24,-0.008182
2026-10-08,EOG,148.51,0.029818
2026-10-08,FANG,191.68,0.039592
2026-10-08,FRT,105.46,0.00333
2026-10-08,HPE,71.0,-0.01512
2026-10-08,HPQ,32.44,0.006203
2026-10-08,INVH,26.48,0.023975
2026-10-08,KEYS,374.67,-0.017697
2026-10-08,NDSN,326.87,-0.002502
2026-10-08,NTAP,231.05,-0.02002
2026-10-08,OXY,60.28,0.035561
2026-10-08,SNPS,497.75,-0.009788
2026-10-08,SPY,773.93,-0.004233
2026-10-08,TPL,357.78,0.034674
2026-10-08,WSM,239.0,-0.006072
2026-10-08,XOM,168.5,0.027126
2026-10-08,^GSPC,7765.3599,-0.004667
