date,px,px_yahoo,px_used,fpe,fwd_eps_stated,fwd_eps,fwd_eps_clean,flag,fwd_eps_qtd,q,q_eps,q_eps0,q_rev,q_growth_q,q_growth,q_growth0_q,q_growth0,guide_q,guide_neg,guide_pos
2011-04-01,,1325.83,1325.83,13.1,,101.21,101.21,,,,,,,,,,,,,
2011-04-08,,1333.51,1333.51,13.1,,101.79,101.79,,,,,,,,,,,2011Q1,63,38
2011-04-15,,1314.52,1314.52,13.1,,100.35,100.35,,,,,,,,,,,2011Q1,64,38
2011-04-21,,1330.36,1330.36,13.0,,102.34,102.34,,,,,,,,,,,2011Q2,12,12
2011-04-29,,1360.48,1360.48,13.1,,103.85,103.85,,,,,,,,,,,2011Q2,38,23
2011-05-06,,1335.1,1335.1,13.1,,101.92,101.92,,,,,,,,,,,2011Q2,46,26
2011-05-13,,1348.65,1348.65,13.1,,102.95,102.95,,,,,,,,,,,2011Q2,48,29
2011-05-20,,1343.6,1343.6,12.8,,104.97,104.97,,,,,,,,,,,2011Q2,56,32
2011-05-27,,1325.69,1325.69,13.0,,101.98,,outlier vs median 104.97,,,,,,,,,,2011Q2,59,33
2011-06-03,,1312.94,1312.94,12.4,,105.88,105.88,,,,,,,,,,,2011Q2,59,33
2011-06-10,,1289.0,1289.0,12.2,,105.66,105.66,,,,,,,,,,,2011Q2,59,33
2011-06-17,,1267.64,1267.64,12.0,,105.64,105.64,,,,,,,,,,,2011Q2,61,33
2011-06-24,,1283.5,1283.5,12.4,,103.51,,outlier vs median 105.64,,,,,,,,,,2011Q2,65,35
2011-07-08,,1353.22,1353.22,12.7,,106.55,106.55,,,,,,,,,,,2011Q2,66,34
2011-07-15,,1308.87,1308.87,12.4,,105.55,105.55,,,,,,,,,,,2011Q2,68,35
2011-07-22,,1343.8,1343.8,12.6,,106.65,106.65,,,,,,,,,,,2011Q3,21,9
2011-07-29,,1300.67,1300.67,12.2,,106.61,106.61,,,,,,,,,,,2011Q3,45,25
2011-08-05,,1200.07,1200.07,11.2,,107.15,107.15,,,,,,,,,,,2011Q3,57,25
2011-08-12,,1172.64,1172.64,10.9,,107.58,107.58,,,,,,,,,,,2011Q3,59,27
2011-08-19,,1140.65,1140.65,11.1,,102.76,,outlier vs median 107.34,,,,,,,,,,2011Q3,69,31
2011-08-26,,1159.27,1159.27,10.8,,107.34,107.34,,,,,,,,,,,2011Q3,70,32
2011-09-02,,1204.42,1204.42,11.2,,107.54,107.54,,,,,,,,,,,2011Q3,69,34
2011-09-09,,1185.9,1185.9,11.0,,107.81,107.81,,,,,,,,,,,2011Q3,70,35
2011-09-16,,1209.11,1209.11,11.3,,107.0,107.0,,,,,,,,,,,2011Q3,73,35
2011-09-23,,1129.56,1129.56,10.5,,107.58,107.58,,,,,,,,,,,2011Q3,71,37
2011-09-30,,1160.4,1160.4,10.8,,107.44,107.44,,,,,,,,,,,2011Q3,70,38
2011-10-07,,1164.97,1164.97,10.9,,106.88,106.88,,,,,,,,,,,2011Q3,71,38
2011-10-14,,1203.66,1203.66,11.3,,106.52,106.52,,,,,,,,,,,2011Q3,71,39
2011-11-04,,1261.15,1261.15,11.9,,105.98,105.98,,,,,,,,,,,2011Q4,62,25
2011-12-09,,1234.35,1234.35,11.6,,106.41,106.41,,,,,,,,,,,,,
2011-12-16,,1215.75,1215.75,11.4,,106.64,106.64,,,,,,,,,,,,,
2011-12-23,,1254.0,1254.0,11.8,,106.27,106.27,,,,,,,,,,,,,
2011-12-30,,1263.02,1263.02,11.8,,107.04,107.04,,,,,,,,,,,,,
2012-01-20,,1314.5,1314.5,12.3,,106.87,106.87,,,,,,,,,2011Q4,11.5,,,
2012-01-27,,1318.43,1318.43,12.4,,106.33,106.33,,,,,,,,,,,,,
2012-02-24,,1363.46,1363.46,12.7,,107.36,107.36,,,,,,,,,,,,,
2012-03-02,,1374.09,1374.09,12.8,,107.35,107.35,,,,,,,,,,,,,
2012-03-23,,1392.78,1392.78,12.9,,107.97,107.97,,,,,,,,,,,,,
2012-03-30,,1403.28,1403.28,12.9,,108.78,108.78,,,,,,,,,,,,,
2012-04-05,,1398.96,1398.96,12.9,,108.45,108.45,,,,,,,,,,,,,
2012-04-13,,1387.57,1387.57,12.7,,109.26,109.26,,,,,,,,,,,,,
2012-05-04,,1391.57,1391.57,12.7,,109.57,109.57,,,,,,,,,2012Q2,6.4,,,
2012-05-11,,1357.99,1357.99,12.2,,111.31,111.31,,,,,,,,,2012Q2,6.3,,,
2012-06-08,,1314.99,1314.99,11.9,,110.5,110.5,,,,,,,,,,,,,
2012-06-15,,1329.1,1329.1,11.9,,111.69,111.69,,,,,,,,,,,,,
2012-06-29,,1329.04,1329.04,12.0,,110.75,110.75,,,,,,,,,,,,,
2012-07-06,,1367.58,1367.58,12.3,,111.19,111.19,,,,,,,,,,,,,
2012-07-20,,1376.51,1376.51,12.4,,111.01,111.01,,,,,,,,,,,2012Q3,18,4
2012-07-27,,1360.02,1360.02,12.2,,111.48,111.48,,,,,,,,,,,2012Q3,47,13
2012-08-23,,1413.49,1413.49,12.8,,110.43,110.43,,,,,,,,,,,2012Q3,77,21
2012-08-31,,1399.48,1399.48,12.7,,110.2,110.2,,,,,,,,,,,2012Q3,80,21
2012-09-07,,1432.12,1432.12,12.7,,112.77,112.77,,,,,,,2012Q3,-2.9,,,2012Q3,80,21
2012-09-14,,1459.99,1459.99,12.9,,113.18,113.18,,,,,,,,,,,2012Q3,79,22
2012-10-05,1450.99,1461.4,1450.99,13.0,,111.61,111.61,,,,,,,,,,,2012Q3,80,23
2012-10-12,,1432.84,1432.84,12.9,,111.07,111.07,,,,,,,,,,,2012Q3,80,23
2012-10-19,1460.91,1457.34,1460.91,13.0,,112.38,112.38,,,,,,,,,,,,,
2012-11-09,1394.53,1377.51,1394.53,12.5,,111.56,111.56,,,,,,,,,,,2012Q4,62,24
2012-11-16,1355.49,1353.33,1355.49,12.1,,112.02,112.02,,,,,,,,,,,2012Q4,72,28
2012-11-23,1391.03,1391.03,1391.03,12.4,,112.18,112.18,,,,,,,,,,,2012Q4,75,28
2012-12-07,1413.94,1413.94,1413.94,12.6,,112.22,112.22,,,,,,,,,,,2012Q4,79,29
2012-12-14,1419.45,1419.45,1419.45,12.6,,112.65,112.65,,,,,,,,,,,2012Q4,79,30
2012-12-28,1418.1,1418.1,1418.1,12.6,112.52,112.52,112.52,,,,,,,,,,,2012Q4,80,30
2013-01-04,1459.37,1459.37,1459.37,12.9,113.21,113.21,113.21,,,,,,,,,,,2012Q4,78,32
2013-01-11,1472.12,1472.12,1472.12,13.0,112.95,112.95,112.95,,,,,,,,,2012Q4,2.6,2012Q4,77,33
2013-01-18,,1480.94,1480.94,13.0,,113.92,113.92,,,,,,,,,,,,,
2013-02-01,1498.11,1498.11,1498.11,13.3,112.79,112.79,112.79,,,,,,,,,,,2013Q1,50,11
2013-02-08,1509.39,1509.39,1509.39,13.4,112.77,112.77,112.77,,,,,,,,,,,2013Q1,63,17
2013-02-15,1521.38,1521.38,1521.38,13.5,112.93,112.93,112.93,,,,,,,,,,,2013Q1,69,20
2013-02-22,1502.42,1502.42,1502.42,13.3,113.08,113.08,113.08,,,,,,,,,,,2013Q1,72,23
2013-03-01,1514.68,1514.68,1514.68,13.4,113.3,113.3,113.3,,,,,,,,,,,2013Q1,82,24
2013-03-08,,1544.26,1544.26,13.4,,115.24,115.24,,,,,,,2013Q1,-0.6,,,2013Q1,82,25
2013-03-15,1565.15,1563.23,1565.15,13.7,113.71,113.71,113.71,,,,,,,2013Q1,-0.6,,,2013Q1,83,25
2013-03-22,1558.71,1545.8,1558.71,13.7,113.81,113.81,113.81,,,,,,,2013Q3,10.1,,,2013Q1,84,24
2013-04-05,1559.98,1559.98,1559.98,13.6,114.32,114.32,114.32,,,,,,,2013Q1,-0.6,,,2013Q1,86,24
2013-04-19,1552.01,1541.61,1552.01,13.5,114.72,114.72,114.72,,,,,,,2013Q1,-0.2,,,2013Q2,13,4
2013-04-26,1585.16,1585.16,1585.16,13.9,114.37,114.37,114.37,,,,,,,2013Q1,-0.6,,,2013Q2,48,11
2013-05-10,1626.67,1626.67,1626.67,14.2,114.78,114.78,114.78,,,,,,,2013Q1,-0.2,,,2013Q2,69,18
2013-05-17,1650.47,1650.47,1650.47,14.4,114.94,114.94,114.94,,,,,,,2013Q1,-0.3,,,2013Q2,75,19
2013-05-31,1654.41,1654.41,1654.41,14.4,115.25,115.25,115.25,,,,,,,,,,,2013Q2,86,20
2013-06-21,1588.19,1588.19,1588.19,13.7,116.09,116.09,116.09,,,,,,,,,,,2013Q2,87,21
2013-06-28,1613.2,1613.2,1613.2,13.9,116.12,116.12,116.12,,,,,,,,,,,2013Q2,87,21
2013-07-05,1615.41,1615.41,1615.41,13.9,116.23,116.23,116.23,,,,,,,,,,,2013Q2,87,21
2013-07-19,1689.37,1689.37,1689.37,14.4,117.0,117.0,117.0,,,,,,,,,,,,,
2013-07-26,1690.25,1690.25,1690.25,14.5,116.93,116.93,116.93,,,,,,,,,,,2013Q3,43,11
2013-08-02,1706.87,1706.87,1706.87,14.6,117.13,117.13,117.13,,,,,,,,,,,2013Q3,61,16
2013-08-09,1697.48,1697.48,1697.48,14.5,117.25,117.25,117.25,,,,,,,,,,,2013Q3,68,17
2013-08-16,,1661.32,1661.32,14.2,,116.99,116.99,,,,,,,,,,,2013Q3,75,17
2013-08-23,,1656.96,1656.96,14.1,,117.51,117.51,,,,,,,,,,,2013Q3,85,18
2013-09-06,1655.08,1655.08,1655.08,14.0,118.12,118.12,118.12,,,,,,,,,,,2013Q3,85,19
2013-09-13,,1683.42,1683.42,14.3,,117.72,117.72,,,,,,,,,,,2013Q3,88,18
2013-09-27,,1698.67,1698.67,14.4,,117.96,117.96,,,,,,,,,,,2013Q3,89,19
2013-10-04,,1678.66,1678.66,14.2,,118.22,118.22,,,,,,,,,,,2013Q3,90,19
2013-10-11,1692.56,1692.56,1692.56,14.3,118.75,118.75,118.75,,,,,,,,,,,2013Q3,91,19
2013-10-18,1733.15,1733.15,1733.15,14.6,118.84,118.84,118.84,,,,,,,,,,,2013Q4,14,4
2013-10-25,1752.07,1752.07,1752.07,14.7,119.01,119.01,119.01,,,,,,,,,,,2013Q4,49,8
2013-11-01,1756.54,1756.54,1756.54,14.8,119.05,119.05,119.05,,,,,,,,,,,2013Q4,66,13
2013-11-08,1747.15,1747.15,1747.15,14.7,119.19,119.19,119.19,,,,,,,,,,,2013Q4,73,12
2013-11-15,1790.62,1790.62,1790.62,15.0,119.26,119.26,119.26,,,,,,,,,,,2013Q4,82,12
2013-11-22,1795.85,1795.85,1795.85,15.1,119.3,119.3,119.3,,,,,,,,,,,2013Q4,89,12
2013-11-29,1807.23,1807.23,1807.23,15.1,119.45,119.45,119.45,,,,,,,,,,,2013Q4,91,12
2013-12-13,1775.5,1775.5,1775.5,14.8,119.98,119.98,119.98,,,,,,,,,,,2013Q4,94,12
2013-12-20,1809.6,1809.6,1809.6,15.1,120.05,120.05,120.05,,,,,,,,,,,2013Q4,95,12
2013-12-27,1842.02,1842.02,1842.02,15.4,119.66,119.66,119.66,,,,,,,,,,,2013Q4,94,13
2014-01-03,1848.36,1831.98,1848.36,15.4,119.83,119.83,119.83,,,,,,,,,,,2013Q4,94,13
2014-01-10,1838.13,1838.13,1838.13,15.3,120.14,120.14,120.14,,,,,,,,,,,2013Q4,95,13
2014-01-17,,1845.89,1845.89,15.4,,119.86,119.86,,,,,,,,,,,2013Q4,96,15
2014-01-24,,1828.46,1828.46,15.1,,121.09,121.09,,,,,,,,,,,2014Q1,18,7
2014-01-31,,1794.19,1794.19,14.7,,122.05,122.05,,,,,,,,,,,2014Q1,44,10
2014-02-14,1829.83,1829.83,1829.83,15.1,121.33,121.33,121.33,,,,,,,,,,,2014Q1,66,16
2014-02-21,1839.78,1839.78,1839.78,15.2,121.41,121.41,121.41,,,,,,,,,,,2014Q1,75,17
2014-02-28,,1854.29,1854.29,15.3,,121.2,121.2,,,,,,,,,,,2014Q1,84,17
2014-03-07,1877.03,1877.03,1877.03,15.4,121.86,121.86,121.86,,,,,,,,,,,2014Q1,86,17
2014-03-14,,1846.34,1846.34,15.2,,121.47,121.47,,,,,,,,,,,2014Q1,89,17
2014-03-28,,1849.04,1849.04,15.2,,121.65,121.65,,,,,,,,,,,2014Q1,93,18
2014-04-11,1833.08,1833.08,1833.08,15.0,122.48,122.48,122.48,,,,,,,,,,,2014Q1,93,18
2014-04-17,1862.31,1862.31,1862.31,15.2,122.62,122.62,122.62,,,,,,,,,,,2014Q2,9,6
2014-04-25,1878.61,1878.61,1878.61,15.3,123.12,123.12,123.12,,,,,,,,,,,2014Q2,36,15
2014-05-09,,1875.63,1875.63,15.2,,123.4,123.4,,,,,,,,,,,2014Q2,62,26
2014-05-16,1870.85,1870.85,1870.85,15.1,124.25,124.25,124.25,,,,,,,,,,,2014Q2,67,26
2014-05-23,,1892.49,1892.49,15.3,,123.69,123.69,,,,,,,,,,,2014Q2,79,26
2014-05-30,1920.03,1920.03,1920.03,15.4,,124.68,124.68,,,,,,,,,2014Q2,6.9,2014Q2,81,27
2014-06-13,,1930.11,1930.11,15.5,,124.52,124.52,,,,,,,,,2014Q2,6.8,2014Q2,82,27
2014-06-20,1959.48,1959.48,1959.48,15.6,125.57,125.57,125.57,,,,,,,,,2014Q2,6.8,2014Q2,84,27
2014-06-27,1957.22,1957.22,1957.22,15.6,125.79,125.79,125.79,,,,,,,,,2014Q2,6.8,2014Q2,84,27
2014-07-03,1974.62,1974.62,1974.62,15.7,126.17,126.17,126.17,,,,,,,,,2014Q2,6.8,2014Q2,84,27
2014-07-11,,1964.68,1964.68,15.6,,125.94,125.94,,,,,,,,,2014Q2,6.8,2014Q2,86,27
2014-07-18,,1958.12,1958.12,15.5,,126.33,126.33,,0.8,,,,,,,2014Q2,4.9,2014Q3,9,5
2014-07-25,1987.98,1987.98,1987.98,15.6,127.71,127.71,127.71,,1.3,,,,,,,2014Q2,4.9,2014Q3,32,15
2014-08-01,1930.67,1930.67,1930.67,15.1,127.97,127.97,127.97,,1.5,2014Q3,29.96,30.33,-0.0122,,,2014Q2,4.9,2014Q3,49,21
2014-08-07,1920.24,1920.24,1920.24,15.0,128.15,128.15,128.15,,1.7,,,,,,,2014Q2,4.9,2014Q3,56,24
2014-08-15,1955.18,1955.18,1955.18,15.3,127.8,127.8,127.8,,,,,,,,,2014Q2,4.8,2014Q3,63,26
2014-08-22,1992.37,1992.37,1992.37,15.5,128.5,128.5,128.5,,,,,,,,,2014Q2,4.9,2014Q3,74,27
2014-08-29,,1996.74,1996.74,15.6,,128.0,128.0,,2.1,,,,,,,2014Q2,4.9,2014Q3,75,27
2014-09-05,1997.65,1997.65,1997.65,15.5,129.02,129.02,129.02,,2.4,,,,,,,2014Q3,8.9,2014Q3,76,27
2014-09-12,1997.45,1997.45,1997.45,15.5,129.25,129.25,129.25,,2.6,,,,,,,2014Q3,8.9,2014Q3,77,26
2014-09-19,,2011.36,2011.36,15.6,,128.93,128.93,,2.8,,,,,,,2014Q3,8.9,2014Q3,77,27
2014-09-26,1965.99,1965.99,1965.99,15.2,129.57,129.57,129.57,,2.8,,,,,,,2014Q3,8.9,2014Q3,83,26
2014-10-03,1946.17,1946.17,1946.17,15.0,129.63,129.63,129.63,,,,,,,,,2014Q3,9.0,2014Q3,82,27
2014-10-10,1928.21,1928.21,1928.21,14.9,129.77,129.77,129.77,,,,,,,,,2014Q3,9.0,2014Q3,82,27
2014-10-17,1862.76,1862.76,1862.76,14.4,129.31,129.31,129.31,,,,,,,,,2014Q3,4.6,2014Q4,10,3
2014-10-24,1950.82,1950.82,1950.82,15.2,128.58,128.58,128.58,,,,,,,,,2014Q3,4.6,2014Q4,29,8
2014-10-31,1994.65,1994.65,1994.65,15.5,128.53,128.53,128.53,,-0.7,2014Q4,30.96,31.82,-0.02703,,,2014Q3,4.5,2014Q4,46,18
2014-11-07,2031.21,2031.21,2031.21,15.8,128.37,128.37,128.37,,-0.9,,,,,,,2014Q3,4.5,2014Q4,55,18
2014-11-14,2039.33,2039.33,2039.33,15.9,128.57,128.57,128.57,,-0.7,,,,,,,2014Q3,4.4,2014Q4,62,19
2014-11-21,2052.75,2052.75,2052.75,16.0,128.57,128.57,128.57,,-0.7,,,,,,,2014Q3,4.4,2014Q4,74,19
2014-11-28,2072.83,2072.83,2072.83,16.1,128.59,128.59,128.59,,-0.7,2014Q4,30.57,31.8,-0.03868,,,2014Q3,4.4,2014Q4,76,19
2014-12-05,2071.92,2071.92,2071.92,16.2,128.27,128.27,128.27,,-0.9,2014Q4,9.49,11.94,-0.20519,,,2014Q4,8.3,2014Q4,77,19
2014-12-12,2035.33,2035.33,2035.33,15.9,127.82,127.82,127.82,,-1.3,,,,,,,2014Q4,8.4,2014Q4,85,21
2014-12-19,2012.89,2061.23,2061.23,15.8,127.3,127.3,127.3,,-1.7,,,,,,,2014Q4,8.4,2014Q4,87,21
2015-01-09,2025.9,2062.14,2062.14,16.0,126.71,126.71,126.71,,-2.1,,,,,,,2014Q4,8.4,2014Q4,87,21
2015-01-16,1992.67,1992.67,1992.67,15.9,125.11,125.11,125.11,,,,,,,,,2014Q4,1.7,2015Q1,4,2
2015-01-23,2063.15,2063.15,2063.15,16.6,124.04,124.04,124.04,,-2.2,,,,,,,2014Q4,1.7,2015Q1,12,2
2015-01-30,,2021.25,2021.25,16.3,,124.0,124.0,,-2.9,,,,,,,2014Q4,1.7,2015Q1,37,9
2015-02-06,,2062.52,2062.52,16.9,,122.04,122.04,,-3.4,,,,,,,2014Q4,1.7,2015Q1,52,10
2015-02-13,,2088.48,2088.48,17.1,,122.13,122.13,,-3.4,2015Q1,27.31,29.48,-0.07361,,,2014Q4,1.7,2015Q1,63,11
2015-02-20,2097.45,2097.45,2097.45,17.1,122.72,122.72,122.72,,-3.3,,,,,,,2014Q4,1.7,2015Q1,69,15
2015-02-27,2110.74,2110.74,2110.74,17.2,122.73,122.73,122.73,,-3.3,,,,,,,2014Q4,1.7,2015Q1,81,15
2015-03-06,2101.04,2101.04,2101.04,17.1,122.88,122.88,122.88,,-3.2,,,,,,,2014Q4,1.7,2015Q1,82,15
2015-03-13,2040.24,2065.95,2040.24,16.6,123.02,123.02,123.02,,-3.0,,,,,,,2015Q1,3.8,2015Q1,82,16
2015-03-20,2089.27,2089.27,2089.27,17.0,123.03,123.03,123.03,,-3.0,,,,,,,2015Q1,4.0,2015Q1,83,16
2015-03-27,,2056.15,2056.15,16.7,,123.12,123.12,,-2.5,,,,,,,2015Q1,4.2,2015Q1,85,16
2015-04-02,,2059.69,2059.69,16.7,,123.33,123.33,,,2015Q1,27.05,29.48,-0.08243,,,2015Q1,4.3,2015Q1,85,16
2015-04-10,2091.18,2091.18,2091.18,16.8,124.3,124.3,124.3,,,,,,,,,2015Q1,4.3,2015Q1,85,16
2015-04-17,2104.99,2104.99,2104.99,17.0,123.94,123.94,123.94,,0.1,,,,,,,,,2015Q2,6,4
2015-04-24,2112.93,2112.93,2112.93,17.1,123.83,123.83,123.83,,0.1,,,,,,,,,2015Q2,26,13
2015-05-01,2085.51,2085.51,2085.51,16.8,124.23,124.23,124.23,,,2015Q2,28.83,29.39,-0.01905,,,,,2015Q2,41,22
2015-05-08,,2088.0,2088.0,16.8,,124.29,124.29,,,,,,,,,,,2015Q2,57,25
2015-05-22,2130.82,2130.82,2130.82,17.0,125.37,125.37,125.37,,1.3,,,,,,,,,2015Q2,74,27
2015-05-29,2120.79,2120.79,2120.79,16.9,125.66,125.66,125.66,,1.5,2015Q2,28.77,29.39,-0.0211,,,,,2015Q2,75,28
2015-06-12,,2108.86,2108.86,16.8,,125.53,125.53,,1.9,,,,,,,,,2015Q2,76,28
2015-06-19,,2121.24,2121.24,16.9,,125.52,125.52,,2.0,,,,,,,,,2015Q2,77,29
2015-06-26,,2102.31,2102.31,16.7,,125.89,125.89,,2.1,,,,,,,,,2015Q2,77,30
2015-07-02,,2077.42,2077.42,16.5,,125.9,125.9,,,2015Q2,28.72,29.39,-0.0228,,,,,2015Q2,80,27
2015-07-10,2051.31,2051.31,2051.31,16.2,126.99,126.99,126.99,,0.5,2015Q2,28.72,29.39,-0.0228,,,,,2015Q2,80,27
2015-07-17,2124.29,2124.29,2124.29,16.8,126.12,126.12,126.12,,-0.2,,,,,,,,,,,
2015-07-24,,2102.15,2102.15,16.7,,125.88,125.88,,0.7,,,,,,,,,2015Q3,20,7
2015-07-31,,2108.63,2108.63,16.6,,127.03,127.03,,0.8,2015Q3,29.58,30.03,-0.01499,,,,,2015Q3,44,18
2015-08-06,2099.84,2099.84,2099.84,16.5,127.4,127.4,127.4,,0.7,,,,,,,,,2015Q3,56,22
2015-08-28,1940.51,1987.66,1987.66,15.2,127.7,127.7,127.7,,0.9,,,,,,,,,2015Q3,76,30
2015-09-04,1951.13,1951.13,1951.13,15.3,127.76,127.76,127.76,,1.0,2015Q3,29.25,30.06,-0.02695,,,,,2015Q3,77,30
2015-09-11,1952.29,1952.29,1952.29,15.3,127.98,127.98,127.98,,1.2,,,,,,,,,2015Q3,76,31
2015-09-18,1990.2,1990.2,1990.2,15.6,127.88,127.88,127.88,,1.1,,,,,,,,,2015Q3,75,33
2015-09-25,,1932.24,1932.24,15.2,,127.12,127.12,,0.9,,,,,,,,,2015Q3,76,32
2015-10-02,1923.82,1923.82,1923.82,15.1,127.62,127.62,127.62,,0.9,2015Q3,29.01,30.07,-0.03525,,,,,2015Q3,76,32
2015-10-09,,2013.43,2013.43,15.9,,126.63,126.63,,,,,,,,,2015Q4,4.3,2015Q3,76,32
2015-10-16,,2023.86,2023.86,16.0,,126.49,126.49,,-0.4,,,,,,,,,,,
2015-10-23,2052.51,2052.51,2052.51,16.2,126.77,126.77,126.77,,-0.6,,,,,,,,,2015Q4,19,7
2015-10-30,2089.41,2089.41,2089.41,16.5,126.78,126.78,126.78,,-0.6,2015Q4,30.02,30.75,-0.02374,,,,,2015Q4,39,17
2015-11-06,2099.93,2099.93,2099.93,16.6,126.88,126.88,126.88,,-0.2,,,,,,,,,2015Q4,56,19
2015-11-13,2045.97,2045.97,2045.97,16.1,126.88,126.88,126.88,,-0.6,,,,,,,,,2015Q4,63,21
2015-11-20,2081.24,2081.24,2081.24,16.4,127.12,127.12,127.12,,,,,,,,,,,2015Q4,75,26
2015-11-27,2088.87,2088.87,2088.87,16.4,127.14,127.14,127.14,,,,,,,,,,,2015Q4,81,26
2015-12-04,2049.62,2049.62,2049.62,16.1,127.17,127.17,127.17,,,2015Q4,29.61,30.65,-0.03393,,,,,2015Q4,83,26
2015-12-11,2052.23,2052.23,2052.23,16.1,127.23,127.23,127.23,,0.05,,,,,,,,,2015Q4,83,26
2015-12-18,2041.89,2041.89,2041.89,16.1,126.99,126.99,126.99,,-0.1,,,,,,,,,2015Q4,84,26
2015-12-31,2063.36,2063.36,2063.36,16.2,127.02,127.02,127.02,,,,,,,,,,,2015Q4,85,26
2016-01-08,1990.26,1943.09,1943.09,15.7,127.11,127.11,127.11,,,2015Q4,29.36,30.65,-0.04209,,,,,2015Q4,83,28
2016-01-15,1921.84,1921.84,1921.84,15.2,126.32,126.32,126.32,,-0.5,,,,,,,2016Q1,4.9,2015Q4,84,29
2016-01-22,1868.99,1868.99,1868.99,14.9,125.5,125.5,125.5,,,,,,,,,,,,,
2016-01-29,1893.36,1893.36,1893.36,15.2,124.58,124.58,124.58,,,2016Q1,27.76,29.14,-0.04736,,,,,2016Q1,33,6
2016-02-05,1915.45,1915.45,1915.45,15.4,124.29,124.29,124.29,,,,,,,,,,,2016Q1,57,14
2016-02-12,1829.08,1829.08,1829.08,14.7,124.25,124.25,124.25,,,,,,,,,,,2016Q1,68,17
2016-02-19,1917.83,1917.83,1917.83,15.4,124.4,124.4,124.4,,,,,,,,,,,2016Q1,78,19
2016-02-26,1951.7,1951.7,1951.7,15.7,124.21,124.21,124.21,,,,,,,,,,,2016Q1,88,22
2016-03-04,1993.4,1993.4,1993.4,16.1,124.0,124.0,124.0,,-2.3,2016Q1,26.69,29.13,-0.08376,,,2015Q1,0.3,2016Q1,91,24
2016-03-11,,1989.57,1989.57,16.1,,123.58,123.58,,-2.2,,,,,,,2015Q1,0.3,2016Q1,91,26
2016-03-18,,2040.59,2040.59,16.5,,123.67,123.67,,-2.1,,,,,,,2015Q1,0.3,2016Q1,92,26
2016-03-24,2036.71,2036.71,2036.71,16.4,124.3,124.3,124.3,,-2.1,,,,,,,2016Q1,0.3,2016Q1,93,26
2016-04-01,2059.74,2059.74,2059.74,16.6,124.43,124.43,124.43,,-2.0,2016Q1,26.32,29.13,-0.09646,,,2016Q1,0.8,2016Q1,94,27
2016-04-08,,2041.91,2041.91,16.7,,122.27,122.27,,-1.9,,,,,,,2016Q1,0.7,2016Q1,94,27
2016-04-15,,2082.78,2082.78,16.8,,123.98,123.98,,0.2,,,,,,,,,2016Q1,94,27
2016-04-22,2102.4,2091.48,2102.4,16.9,,124.4,124.4,,0.3,,,,,,,,,2016Q2,10,10
2016-04-29,,2075.81,2075.81,16.8,,123.56,123.56,,,2016Q2,28.9,29.43,-0.01801,,,,,2016Q2,36,18
2016-05-06,2050.63,2050.63,2050.63,16.5,124.64,124.64,124.64,,0.2,,,,,,,,,2016Q2,55,24
2016-05-13,,2064.11,2064.11,16.6,,124.34,124.34,,0.5,,,,,,,,,2016Q2,58,25
2016-05-20,2040.04,2040.04,2040.04,16.3,125.48,125.48,125.48,,0.9,,,,,,,,,2016Q2,73,30
2016-05-27,,2090.1,2090.1,16.7,,125.16,125.16,,1.2,,,,,,,,,2016Q2,80,31
2016-06-03,,2105.26,2105.26,16.8,,125.31,125.31,,1.4,2016Q2,28.87,29.43,-0.01903,,,,,2016Q2,81,31
2016-06-10,,2115.48,2115.48,16.8,,125.92,125.92,,1.6,2016Q2,28.87,29.43,-0.01903,,,,,2016Q2,81,31
2016-06-17,2077.99,2077.99,2077.99,16.4,126.62,126.62,126.62,,1.8,2016Q2,28.82,29.43,-0.02073,,,,,2016Q2,81,32
2016-07-01,,2098.86,2098.86,16.4,,127.98,127.98,,2.0,2016Q2,28.65,29.43,-0.0265,,,,,2016Q2,81,32
2016-07-08,,2097.9,2097.9,16.6,,126.38,126.38,,0.2,,,,,,,,,2016Q2,81,32
2016-07-15,2163.75,2163.75,2163.75,17.1,,126.54,126.54,,0.3,,,,,,,,,2016Q2,81,32
2016-07-22,2165.17,2165.17,2165.17,17.0,127.62,127.62,127.62,,0.7,,,,,,,2016Q3,3.3,2016Q3,14,5
2016-07-29,2170.06,2170.06,2170.06,17.0,127.93,127.93,127.93,,0.9,2016Q3,30.44,30.66,-0.00718,,,,,2016Q3,36,20
2016-08-05,,2164.25,2164.25,17.0,,127.31,127.31,,0.9,,,,,,,,,2016Q3,53,26
2016-08-12,2185.79,2185.79,2185.79,17.1,128.11,128.11,128.11,,1.0,,,,,,,,,2016Q3,62,28
2016-08-19,2187.02,2187.02,2187.02,17.1,128.46,128.46,128.46,,,,,,,,,,,2016Q3,72,30
2016-08-26,2172.47,2172.47,2172.47,16.9,128.77,128.77,128.77,,,,,,,,,,,2016Q3,77,33
2016-09-02,,2170.86,2170.86,16.9,,128.45,128.45,,1.8,2016Q3,29.88,30.64,-0.0248,,,,,2016Q3,78,33
2016-09-09,,2181.3,2181.3,17.0,,128.31,128.31,,2.0,,,,,,,2016Q3,0.4,2016Q3,78,35
2016-09-16,,2147.26,2147.26,16.7,,128.58,128.58,,1.9,,,,,,,2016Q3,0.5,2016Q3,79,35
2016-09-23,,2177.18,2177.18,16.8,,129.59,129.59,,1.9,,,,,,,2016Q3,0.3,2016Q3,79,35
2016-09-30,2151.13,2151.13,2151.13,16.6,129.65,129.65,129.65,,2.2,2016Q3,29.76,30.65,-0.02904,,,2016Q3,0.3,2016Q3,80,34
2016-10-07,,2160.77,2160.77,16.7,,129.39,129.39,,0.2,,,,,,,2016Q3,0.3,2016Q3,80,34
2016-10-14,2132.55,2132.55,2132.55,16.4,130.08,130.08,130.08,,0.3,,,,,,,,,2016Q4,4,2
2016-10-21,2144.29,2141.34,2144.29,16.5,,129.96,129.96,,0.5,,,,,,,,,2016Q4,10,7
2016-10-28,,2133.04,2133.04,16.4,,130.06,130.06,,0.8,,,,,2016Q3,1.6,,,2016Q4,36,21
2016-11-04,2088.66,2088.66,2088.66,15.9,131.43,131.43,131.43,,1.4,2016Q4,31.17,31.54,-0.01173,2016Q3,2.7,,,2016Q4,53,25
2016-11-11,2167.48,2167.48,2167.48,16.6,130.76,130.76,130.76,,0.8,,,,,2016Q3,2.9,,,2016Q4,59,26
2016-11-18,2187.12,2187.12,2187.12,16.7,130.99,130.99,130.99,,1.0,,,,,2016Q3,3.0,,,2016Q4,68,32
2016-11-25,2204.72,2204.72,2204.72,16.8,131.19,131.19,131.19,,1.2,,,,,2016Q3,3.2,,,2016Q4,71,34
2016-12-02,2191.08,2191.08,2191.08,16.7,131.59,131.59,131.59,,1.5,2016Q4,30.91,31.55,-0.02029,2016Q4,3.3,2016Q4,5.3,2016Q4,73,35
2016-12-09,,2246.19,2246.19,17.1,,131.36,131.36,,1.6,2016Q4,30.86,31.55,-0.02187,2016Q4,3.0,2016Q4,5.2,2016Q4,75,35
2016-12-16,2262.03,2262.03,2262.03,17.1,,132.28,132.28,,1.9,2016Q4,30.88,31.55,-0.02124,2016Q4,3.2,2016Q4,5.2,2016Q4,77,34
2016-12-23,2260.96,2260.96,2260.96,17.1,132.4,132.4,132.4,,2.1,2016Q4,30.86,31.55,-0.02187,2016Q4,3.2,2016Q4,5.2,2016Q4,77,34
2017-01-06,,2269.0,2269.0,17.1,,132.69,132.69,,2.6,2016Q4,30.86,31.55,-0.02187,2016Q4,3.0,2016Q4,5.2,2016Q4,77,34
2017-01-13,2270.44,2270.44,2270.44,17.0,133.49,133.49,133.49,,0.5,,,,,2016Q4,3.2,2016Q4,3.0,2016Q4,78,34
2017-01-20,2263.69,2263.69,2263.69,16.9,133.84,133.84,133.84,,0.8,,,,,2016Q4,3.4,2016Q4,3.0,2017Q1,3,6
2017-01-27,,2296.68,2296.68,17.2,,133.53,133.53,,,,,,,2016Q4,4.2,2016Q4,3.1,2017Q1,17,16
2017-02-03,2280.85,2280.85,2280.85,17.1,133.54,133.54,133.54,,0.5,2017Q1,30.1,30.57,-0.01537,2016Q4,4.6,2016Q4,3.1,2017Q1,44,21
2017-02-10,2307.87,2307.87,2307.87,17.3,133.34,133.34,133.34,,0.4,,,,,2016Q4,5.0,2016Q4,3.1,2017Q1,57,25
2017-02-17,2347.22,2347.22,2347.22,17.6,133.49,133.49,133.49,,0.5,,,,,2016Q4,4.6,2016Q4,3.1,2017Q1,61,29
2017-03-02,2395.96,2395.96,2395.96,17.9,133.78,133.78,133.78,,0.7,2017Q1,29.61,30.56,-0.03109,2016Q4,4.9,2016Q4,3.1,2017Q1,75,30
2017-03-09,,2362.98,2362.98,17.7,,133.5,133.5,,,,,,,2016Q4,4.9,2016Q4,3.1,2017Q1,78,30
2017-03-17,,2381.38,2381.38,17.8,,133.79,133.79,,,,,,,2017Q1,9.0,2017Q1,12.3,2017Q1,78,32
2017-03-24,2348.45,2345.96,2348.45,17.5,134.5,134.5,134.5,,1.2,2017Q1,29.56,30.59,-0.03367,2017Q1,9.1,2017Q1,12.5,2017Q1,79,32
2017-03-31,2368.06,2368.06,2368.06,17.6,134.91,134.91,134.91,,,2017Q1,29.49,30.59,-0.03596,2017Q1,9.1,2017Q1,12.5,2017Q1,79,32
2017-04-07,2358.84,2357.49,2358.84,17.5,135.12,135.12,135.12,,1.6,,,,,2017Q1,8.9,2017Q1,12.5,2017Q1,79,32
2017-04-14,,2328.95,2328.95,17.4,,133.85,133.85,,0.2,,,,,2017Q1,9.2,2017Q1,9.0,,,
2017-04-28,,2388.77,2388.77,17.6,,135.73,135.73,,1.0,2017Q2,31.89,32.12,-0.00716,2017Q1,12.5,2017Q1,9.0,,,
2017-05-05,,2389.52,2389.52,17.5,,136.54,136.54,,,,,,,2017Q1,13.5,2017Q1,9.0,,,
2017-05-12,,2394.44,2394.44,17.5,,136.83,136.83,,,,,,,2017Q1,13.6,2017Q1,9.0,,,
2017-05-19,,2365.72,2365.72,17.3,,136.75,136.75,,,,,,,2017Q1,13.9,2017Q1,9.0,,,
2017-05-26,,2415.07,2415.07,17.6,,137.22,137.22,,,,,,,2017Q1,13.9,2017Q1,9.0,,,
2017-06-02,,2430.06,2430.06,17.7,,137.29,137.29,,,2017Q2,31.58,32.13,-0.01712,2017Q1,14.0,2017Q1,9.0,,,
2017-06-09,,2433.79,2433.79,17.7,,137.5,137.5,,2.4,2017Q2,31.54,32.13,-0.01836,2017Q2,6.6,2017Q2,8.7,,,
2017-06-16,,2432.46,2432.46,17.7,,137.43,137.43,,,2017Q2,31.49,32.13,-0.01992,2017Q2,6.5,2017Q2,8.7,,,
2017-06-23,,2434.5,2434.5,17.6,,138.32,138.32,,,2017Q2,31.51,32.13,-0.0193,2017Q2,6.6,2017Q2,8.7,,,
2017-06-30,2419.38,2419.7,2419.38,17.4,,139.04,139.04,,,2017Q2,31.5,32.13,-0.01961,2017Q2,6.6,2017Q2,8.7,,,
2017-07-07,2409.75,2409.75,2409.75,17.3,,139.29,139.29,,,,,,,2017Q2,6.5,2017Q2,6.6,,,
2017-07-14,2447.83,2447.83,2447.83,17.6,,139.08,139.08,,0.3,,,,,2017Q2,6.8,2017Q2,6.6,,,
2017-07-21,2473.45,2473.45,2473.45,17.8,,138.96,138.96,,0.1,,,,,2017Q2,7.2,2017Q2,6.6,2017Q3,7,7
2017-07-28,2475.42,2475.42,2475.42,17.7,,139.85,139.85,,0.5,,,,,2017Q2,9.1,2017Q2,6.5,2017Q3,28,26
2017-08-04,2472.16,2472.16,2472.16,17.7,,139.67,139.67,,0.8,2017Q3,33.42,33.82,-0.01183,2017Q2,10.1,2017Q2,6.4,2017Q3,50,33
2017-08-11,2438.21,2438.21,2438.21,17.4,,140.13,140.13,,0.9,,,,,2017Q2,10.2,,,2017Q3,59,35
2017-09-01,2471.65,2471.65,2471.65,17.5,,141.24,141.24,,1.4,2017Q3,33.26,33.84,-0.01714,2017Q2,10.3,2017Q2,6.4,2017Q3,71,44
2017-09-08,2465.1,2465.1,2465.1,17.4,,141.67,141.67,,1.6,2017Q3,33.16,33.84,-0.02009,2017Q3,4.9,2017Q3,7.5,2017Q3,73,43
2017-09-15,2495.62,2495.62,2495.62,17.6,,141.8,141.8,,1.6,2017Q3,32.99,33.87,-0.02598,2017Q3,4.5,2017Q3,7.5,2017Q3,73,43
2017-09-22,2500.6,2500.6,2500.6,17.7,,141.28,141.28,,1.6,2017Q3,32.86,33.86,-0.02953,2017Q3,4.2,2017Q3,7.5,2017Q3,75,43
2017-09-29,2510.06,2510.06,2510.06,17.7,,141.81,141.81,,1.9,2017Q3,32.83,33.86,-0.03042,2017Q3,4.2,2017Q3,7.5,2017Q3,76,42
2017-10-06,2552.07,2552.07,2552.07,18.0,,141.78,141.78,,0.2,,,,,2017Q3,2.8,2017Q3,7.5,2017Q3,76,42
2017-10-13,2550.93,2550.93,2550.93,17.9,,142.51,142.51,,0.3,,,,,2017Q3,2.1,2017Q3,3.0,2017Q4,5,5
2017-10-20,2562.1,2562.1,2562.1,17.9,,143.13,143.13,,0.7,,,,,2017Q3,1.7,2017Q3,3.0,2017Q4,12,6
2017-10-27,2560.4,2560.4,2560.4,17.9,,143.04,143.04,,0.8,,,,,2017Q3,4.7,2017Q3,3.0,2017Q4,29,20
2017-11-03,2579.85,2579.85,2579.85,18.0,,143.32,143.32,,1.1,2017Q4,34.73,35.0,-0.00771,2017Q3,5.9,2017Q3,3.0,2017Q4,51,26
2017-11-10,2584.62,2584.62,2584.62,18.0,,143.59,143.59,,1.3,,,,,2017Q3,6.1,2017Q3,3.1,2017Q4,58,28
2017-11-17,2585.64,2585.64,2585.64,18.0,,143.65,143.65,,1.5,,,,,2017Q3,6.2,2017Q3,3.1,2017Q4,61,32
2017-11-24,2597.08,2597.08,2597.08,18.0,,144.28,144.28,,1.7,,,,,2017Q3,6.3,2017Q3,3.1,2017Q4,67,35
2017-12-01,2647.58,2647.58,2647.58,18.3,,144.68,144.68,,2.0,2017Q4,34.74,35.0,-0.00743,2017Q4,10.5,2017Q4,11.3,2017Q4,71,36
2017-12-08,2636.98,2636.98,2636.98,18.2,,144.89,144.89,,2.3,2017Q4,34.81,35.0,-0.00543,2017Q4,10.6,2017Q4,11.3,2017Q4,71,36
2017-12-14,2662.85,2662.85,2662.85,18.3,,145.51,145.51,,2.5,2017Q4,34.8,35.0,-0.00571,2017Q4,10.6,2017Q4,11.3,2017Q4,72,36
2017-12-22,2684.57,2684.57,2684.57,18.4,,145.9,145.9,,2.9,2017Q4,34.88,35.0,-0.00343,2017Q4,10.9,2017Q4,11.3,2017Q4,72,36
2018-01-12,2767.56,2767.56,2767.56,18.4,,150.41,150.41,,,,,,,2017Q4,10.2,2017Q4,10.8,2018Q1,2,3
2018-01-19,2798.03,2798.03,2798.03,18.4,,152.07,152.07,,,,,,,,,2017Q4,10.8,2018Q1,3,3
2018-01-25,2837.54,2837.54,2837.54,18.4,,154.21,154.21,,4.8,,,,,2017Q4,12.0,2017Q4,11.0,,,
2018-02-02,2821.98,2821.98,2821.98,18.0,,156.78,156.78,,,,,,,2017Q4,13.4,2017Q4,11.0,2018Q1,25,25
2018-02-09,2581.0,2581.0,2581.0,16.3,,158.34,158.34,,,,,,,2017Q4,14.0,2017Q4,11.0,2018Q1,33,32
2018-02-16,2731.2,2731.2,2731.2,17.1,,159.72,159.72,,,,,,,2017Q4,15.2,2017Q4,11.0,2018Q1,40,39
2018-02-23,2703.96,2703.96,2703.96,16.9,,160.0,160.0,,,,,,,2017Q4,14.8,2017Q4,11.0,2018Q1,42,44
2018-03-02,2677.67,2677.67,2677.67,16.7,,160.34,160.34,,,,,,,2017Q4,14.8,2017Q4,11.0,2018Q1,45,50
2018-03-09,2738.97,2738.97,2738.97,17.0,,161.12,161.12,,,,,,,2017Q4,14.8,2017Q4,11.0,2018Q1,49,52
2018-03-16,2747.33,2747.33,2747.33,17.1,,160.66,160.66,,,2018Q1,36.29,34.37,0.05586,2018Q1,17.0,2018Q1,11.4,2018Q1,51,52
2018-03-23,2643.69,2643.69,2643.69,16.4,,161.2,161.2,,,2018Q1,36.19,34.37,0.05295,2018Q1,17.2,2018Q1,11.3,2018Q1,52,52
2018-03-29,2605.0,2605.0,2605.0,16.1,,161.8,161.8,,,2018Q1,36.24,34.37,0.05441,2018Q1,17.3,2018Q1,11.4,2018Q1,52,53
2018-04-06,2662.84,2662.84,2662.84,16.5,,161.38,161.38,,,2018Q1,36.22,34.37,0.05383,2018Q1,17.1,2018Q1,11.3,2018Q1,52,53
2018-04-13,2663.99,2663.99,2663.99,16.4,,162.44,162.44,,0.4,,,,,2018Q1,17.3,2018Q1,17.1,2018Q2,2,3
2018-04-20,2693.13,2693.13,2693.13,16.6,,162.24,162.24,,,,,,,2018Q1,18.3,2018Q1,17.1,2018Q2,4,7
2018-04-27,2666.94,2666.94,2666.94,16.3,,163.62,163.62,,,,,,,2018Q1,23.2,2018Q1,17.1,2018Q2,26,21
2018-05-04,2629.73,2629.73,2629.73,16.0,,164.36,164.36,,2.1,,,,,2018Q1,24.2,2018Q1,17.1,2018Q2,43,35
2018-05-11,2723.07,2723.07,2723.07,16.5,,165.03,165.03,,,,,,,2018Q1,24.9,2018Q1,17.1,2018Q2,50,36
2018-05-18,2720.13,2720.13,2720.13,16.4,,165.86,165.86,,2.8,,,,,2018Q1,24.5,2018Q1,17.1,2018Q2,51,38
2018-05-25,2727.76,2727.76,2727.76,16.4,,166.33,166.33,,3.2,,,,,2018Q1,24.6,2018Q1,17.1,2018Q2,57,43
2018-06-01,2705.27,2705.27,2705.27,16.2,,166.99,166.99,,,2018Q2,39.07,38.98,0.00231,2018Q2,18.9,2018Q2,18.6,2018Q2,60,47
2018-06-08,2770.37,2770.37,2770.37,16.6,,166.89,166.89,,,2018Q2,39.01,38.98,0.00077,2018Q2,19.0,2018Q2,18.6,2018Q2,60,47
2018-06-15,2782.49,2782.49,2782.49,16.6,,167.62,167.62,,,2018Q2,39.07,39.0,0.00179,2018Q2,19.0,2018Q2,18.6,2018Q2,61,47
2018-06-29,2716.31,2716.31,2716.31,16.1,,168.71,168.71,,,2018Q2,39.35,39.03,0.0082,2018Q2,20.0,2018Q2,18.9,2018Q2,62,47
2018-07-06,2736.61,2736.61,2736.61,16.2,,168.93,168.93,,,2018Q2,39.35,39.03,0.0082,2018Q2,20.0,2018Q2,18.9,2018Q2,62,47
2018-07-13,2798.29,2798.29,2798.29,16.6,,168.57,168.57,,0.3,,,,,2018Q2,19.9,2018Q2,20.0,2018Q2,62,47
2018-07-20,2804.49,2804.49,2804.49,16.5,,169.97,169.97,,0.7,,,,,2018Q2,20.8,2018Q2,20.0,2018Q3,9,2
2018-07-27,2837.44,2837.44,2837.44,16.7,,169.91,169.91,,1.0,,,,,2018Q2,21.3,2018Q2,20.0,2018Q3,29,14
2018-08-03,2827.22,2827.22,2827.22,16.5,,171.35,171.35,,1.6,2018Q3,40.76,41.0,-0.00585,2018Q2,24.0,2018Q2,20.0,2018Q3,48,17
2018-08-10,2853.58,2853.58,2853.58,16.6,,171.9,171.9,,1.8,,,,,2018Q2,24.6,,,2018Q3,55,19
2018-08-31,2901.13,2901.13,2901.13,16.8,,172.69,172.69,,2.3,2018Q3,40.63,41.0,-0.00902,2018Q2,25.0,2018Q2,20.0,2018Q3,72,24
2018-09-07,2878.05,2878.05,2878.05,16.7,,172.34,172.34,,2.5,2018Q3,40.61,41.0,-0.00951,2018Q3,20.0,2018Q3,21.1,2018Q3,73,24
2018-09-14,2904.18,2904.18,2904.18,16.8,,172.87,172.87,,2.8,2018Q3,40.62,41.0,-0.00927,2018Q3,19.9,2018Q3,21.1,2018Q3,74,24
2018-09-21,2930.75,2930.75,2930.75,16.9,,173.42,173.42,,3.0,2018Q3,40.58,41.0,-0.01024,2018Q3,19.3,2018Q3,20.4,2018Q3,74,24
2018-09-28,2914.0,2914.0,2914.0,16.8,,173.45,173.45,,2.9,2018Q3,40.54,41.0,-0.01122,2018Q3,19.3,2018Q3,20.4,2018Q3,74,24
2018-10-05,2901.61,2901.61,2901.61,16.7,,173.75,173.75,,0.1,2018Q3,40.54,41.0,-0.01122,2018Q3,19.2,2018Q3,20.4,2018Q3,74,25
2018-10-12,2728.37,2728.37,2728.37,15.7,,173.78,173.78,,0.3,,,,,2018Q3,19.1,2018Q3,19.3,2018Q4,4,3
2018-10-19,2768.78,2768.78,2768.78,15.9,,174.14,174.14,,,,,,,2018Q3,19.5,2018Q3,19.3,2018Q4,9,4
2018-10-26,2705.57,2705.57,2705.57,15.5,,174.55,174.55,,0.8,,,,,2018Q3,22.5,2018Q3,19.3,2018Q4,26,15
2018-11-02,2740.37,2740.37,2740.37,15.6,,175.66,175.66,,0.9,2018Q4,42.11,42.56,-0.01057,2018Q3,24.9,2018Q3,19.3,2018Q4,46,24
2018-11-09,2806.83,2806.83,2806.83,16.0,,175.43,175.43,,0.8,,,,,2018Q3,25.2,2018Q3,19.1,2018Q4,58,25
2018-11-16,2730.2,2730.2,2730.2,15.6,,175.01,175.01,,0.8,,,,,2018Q3,25.7,2018Q3,19.3,2018Q4,61,27
2018-11-23,2649.93,2649.93,2649.93,15.1,,175.49,175.49,,0.7,,,,,2018Q3,25.9,2018Q3,19.3,2018Q4,67,30
2018-11-30,2737.76,2737.8,2737.76,15.6,,175.5,175.5,,0.8,2018Q4,41.45,42.56,-0.02608,2018Q3,25.9,2018Q3,19.3,2018Q4,68,31
2018-12-07,2695.95,2695.95,2695.95,15.4,,175.06,175.06,,1.0,2018Q4,41.38,42.56,-0.02773,2018Q4,13.4,2018Q4,16.7,2018Q4,72,32
2018-12-14,2650.54,2650.54,2650.54,15.1,,175.53,175.53,,0.8,2018Q4,41.18,42.56,-0.03242,2018Q4,12.8,2018Q4,16.7,2018Q4,71,33
2018-12-21,2467.42,2467.42,2467.42,14.2,,173.76,173.76,,0.3,2018Q4,41.12,42.56,-0.03383,2018Q4,12.4,2018Q4,16.6,2018Q4,72,33
2019-01-04,2447.89,2447.89,2447.89,14.1,,173.61,173.61,,-0.1,2018Q4,40.93,42.56,-0.0383,2018Q4,11.4,2018Q4,16.7,2018Q4,72,33
2019-01-11,2596.64,2596.64,2596.64,15.1,,171.96,171.96,,-0.9,,,,,2018Q4,10.6,2018Q4,12.3,2018Q4,72,34
2019-01-18,2635.96,2635.96,2635.96,15.3,,172.28,172.28,,-0.9,2019Q1,39.37,41.43,-0.04972,2018Q4,10.6,2018Q4,12.2,2019Q1,6,0
2019-01-25,2642.33,2642.33,2642.33,15.4,,171.58,171.58,,-1.0,,,,,2018Q4,10.9,2018Q4,12.2,,,
2019-02-01,2704.1,2704.1,2704.1,15.7,,172.24,172.24,,-1.1,2019Q1,38.55,40.21,-0.04128,2018Q4,12.4,2018Q4,12.2,2019Q1,33,9
2019-02-08,2706.05,2706.05,2706.05,15.8,,171.27,171.27,,-1.3,,,,,2018Q4,13.3,2018Q4,12.1,2019Q1,53,12
2019-02-15,2745.73,2745.73,2745.73,16.0,,171.61,171.61,,-1.2,,,,,2018Q4,13.1,2018Q4,12.1,2019Q1,59,19
2019-02-22,2774.88,2774.88,2774.88,16.2,,171.29,171.29,,-1.2,,,,,2018Q4,13.1,2018Q4,12.1,2019Q1,68,25
2019-03-01,2784.49,2784.49,2784.49,16.2,,171.88,171.88,,-1.2,2019Q1,37.6,40.21,-0.06491,2018Q4,13.1,2018Q4,12.1,2019Q1,73,26
2019-03-08,2748.93,2748.93,2748.93,16.0,,171.81,171.81,,-1.0,2019Q1,37.55,40.21,-0.06615,,,2019Q1,2.8,2019Q1,76,27
2019-03-15,2808.48,2808.48,2808.48,16.3,,172.3,172.3,,-0.8,2019Q1,37.53,40.21,-0.06665,,,2019Q1,2.8,2019Q1,77,28
2019-03-22,2854.88,2854.88,2854.88,16.6,,171.98,171.98,,-0.8,2019Q1,37.45,40.21,-0.06864,,,2019Q1,2.9,2019Q1,77,28
2019-03-29,2815.44,2815.44,2815.44,16.3,,172.73,172.73,,-0.7,2019Q1,37.33,40.21,-0.07162,,,2019Q1,2.9,2019Q1,79,28
2019-04-05,2879.39,2879.39,2879.39,16.7,,172.42,172.42,,-0.5,2019Q1,37.28,40.21,-0.07287,,,2019Q1,2.8,2019Q1,79,28
2019-04-12,2888.32,2888.32,2888.32,16.7,,172.95,172.95,,,,,,,,,,,,,
2019-04-18,2900.45,2900.45,2900.45,16.8,,172.65,172.65,,,,,,,,,,,,,
2019-04-26,2926.17,2926.17,2926.17,16.8,,174.18,174.18,,,,,,,,,,,2019Q2,32,6
2019-05-03,2917.52,2917.52,2917.52,16.8,,173.66,173.66,,,2019Q2,41.04,41.45,-0.00989,,,,,2019Q2,56,14
2019-05-10,2870.72,2870.72,2870.72,16.5,,173.98,173.98,,,,,,,,,,,2019Q2,65,17
2019-05-17,2876.32,2876.32,2876.32,16.5,,174.32,174.32,,,,,,,,,,,2019Q2,72,18
2019-05-24,2822.24,2822.24,2822.24,16.1,,175.29,175.29,,,,,,,,,,,2019Q2,80,25
2019-05-31,2788.86,2788.86,2788.86,15.9,,175.4,175.4,,,2019Q2,40.61,41.46,-0.0205,,,,,2019Q2,84,26
2019-06-07,2843.49,2843.49,2843.49,16.2,,175.52,175.52,,,2019Q2,40.55,41.46,-0.02195,,,,,2019Q2,86,25
2019-06-14,2891.64,2891.64,2891.64,16.5,,175.25,175.25,,,2019Q2,40.49,41.46,-0.0234,,,,,2019Q2,87,25
2019-06-21,2954.18,2954.18,2954.18,16.8,,175.84,175.84,,,2019Q2,40.45,41.46,-0.02436,,,2019Q3,3.4,2019Q2,87,25
2019-06-28,2924.92,2924.92,2924.92,16.6,,176.2,176.2,,,2019Q2,40.43,41.46,-0.02484,,,,,2019Q2,87,26
2019-07-03,2973.01,2973.01,2973.01,16.9,,175.92,175.92,,,2019Q2,40.42,41.46,-0.02508,,,,,2019Q2,88,26
2019-07-12,2999.91,2999.91,2999.91,17.1,,175.43,175.43,,0.1,2019Q2,40.39,41.46,-0.02581,,,,,2019Q2,88,26
2019-07-19,2995.11,2995.11,2995.11,17.0,,176.18,176.18,,,,,,,,,,,2019Q3,6,5
2019-07-26,3003.67,3003.67,3003.67,17.1,,175.65,175.65,,,,,,,,,,,2019Q3,28,10
2019-08-02,2953.56,2953.56,2953.56,16.8,,175.81,175.81,,0.1,2019Q3,42.21,42.9,-0.01608,,,,,2019Q3,49,19
2019-08-09,2938.09,2938.09,2938.09,16.7,,175.93,175.93,,0.1,,,,,,,,,,,
2019-08-30,2924.58,2924.58,2924.58,16.6,,176.18,176.18,,0.4,2019Q3,41.64,42.9,-0.02937,,,,,2019Q3,79,30
2019-09-06,2976.0,2976.0,2976.0,16.8,,177.14,177.14,,0.6,2019Q3,41.6,42.9,-0.0303,,,,,2019Q3,80,30
2019-09-13,3009.57,3009.57,3009.57,17.0,,177.03,177.03,,0.7,2019Q3,41.48,42.9,-0.0331,,,,,2019Q3,80,30
2019-09-20,3006.79,3006.79,3006.79,17.0,,176.87,176.87,,0.8,2019Q3,41.49,42.9,-0.03287,,,,,2019Q3,82,31
2019-09-27,2977.62,2977.62,2977.62,16.8,,177.24,177.24,,,2019Q3,41.37,42.9,-0.03566,,,,,2019Q3,82,31
2019-10-04,2910.63,2910.63,2910.63,16.5,,176.4,176.4,,,2019Q3,41.35,42.9,-0.03613,,,,,2019Q3,82,31
2019-10-11,2938.13,2938.13,2938.13,16.6,,177.0,177.0,,-0.1,2019Q3,41.35,42.9,-0.03613,,,,,2019Q3,83,30
2019-10-18,2997.95,2997.95,2997.95,17.0,,176.35,176.35,,-0.2,,,,,,,,,2019Q4,9,4
2019-10-25,3010.29,3010.29,3010.29,17.0,,177.08,177.08,,-0.3,,,,,,,,,2019Q4,26,12
2019-11-01,3037.56,3037.56,3037.56,17.2,,176.6,176.6,,-0.4,2019Q4,41.51,42.69,-0.02764,,,2019Q4,5.6,2019Q4,45,19
2019-11-08,3085.18,3085.18,3085.18,17.4,,177.31,177.31,,-0.4,,,,,,,,,2019Q4,57,22
2019-11-15,3096.63,3096.63,3096.63,17.5,,176.95,176.95,,-0.3,,,,,,,,,2019Q4,60,27
2019-11-22,3103.54,3103.54,3103.54,17.6,,176.34,176.34,,-0.3,,,,,,,,,2019Q4,65,27
2019-12-06,3117.43,3117.43,3117.43,17.6,,177.13,177.13,,,2019Q4,40.83,42.64,-0.04245,,,2019Q4,2.4,2019Q4,71,33
2019-12-13,3168.57,3168.57,3168.57,17.8,,178.01,178.01,,0.1,2019Q4,40.83,42.64,-0.04245,,,2019Q4,2.5,2019Q4,71,34
2019-12-20,3205.37,3205.37,3205.37,18.0,,178.08,178.08,,0.2,2019Q4,40.81,42.69,-0.04404,,,2019Q4,2.5,2019Q4,71,34
2020-01-03,3257.85,3257.85,3257.85,18.3,,178.02,178.02,,0.2,2019Q4,40.69,42.69,-0.04685,,,2019Q4,2.5,2019Q4,72,35
2020-01-10,3274.7,3274.7,3274.7,18.4,,177.97,177.97,,0.4,2019Q4,40.69,42.69,-0.04685,,,2019Q4,2.5,2019Q4,73,34
2020-01-17,3316.81,3316.81,3316.81,18.6,,178.32,178.32,,0.4,,,,,,,,,2020Q1,3,2
2020-01-24,3325.54,3325.54,3325.54,18.6,,178.79,178.79,,0.4,,,,,,,,,2020Q1,7,5
2020-01-31,3283.66,3283.66,3283.66,18.4,,178.46,178.46,,0.7,2020Q1,40.37,40.68,-0.00762,,,,,2020Q1,24,13
2020-02-07,3345.78,3345.78,3345.78,18.8,,177.97,177.97,,0.4,,,,,2019Q4,0.7,,,2020Q1,40,18
2020-02-14,3373.94,3373.94,3373.94,18.9,,178.52,178.52,,0.5,,,,,2019Q4,0.9,,,2020Q1,51,25
2020-02-21,3373.23,3373.23,3373.23,18.9,,178.48,178.48,,0.5,,,,,2019Q4,0.9,,,2020Q1,61,28
2020-02-28,2978.76,2978.76,2978.76,16.7,,178.37,178.37,,0.6,2020Q1,39.33,40.68,-0.03319,2019Q4,0.9,,,2020Q1,68,32
2020-03-06,3023.94,3023.94,3023.94,17.0,,177.88,177.88,,0.4,2020Q1,38.97,40.68,-0.04204,,,2020Q1,4.4,2020Q1,71,33
2020-03-13,2480.64,2480.64,2480.64,14.0,,177.19,177.19,,-0.7,2020Q1,38.66,40.68,-0.04966,,,2020Q1,4.4,2020Q1,72,32
2020-03-20,2409.39,2409.39,2409.39,13.9,,173.34,173.34,,-2.0,2020Q1,38.15,40.68,-0.06219,,,2020Q1,4.4,2020Q1,72,34
2020-03-27,2630.07,2630.07,2630.07,15.5,,169.68,169.68,,-4.5,2020Q1,37.47,40.68,-0.07891,,,2020Q1,4.4,2020Q1,72,32
2020-04-03,2526.9,2526.9,2526.9,15.3,,165.16,165.16,,-6.8,2020Q1,36.97,40.68,-0.0912,,,2020Q1,4.3,2020Q1,72,32
2020-04-09,2749.98,2749.98,2749.98,17.3,,158.96,158.96,,-10.2,2020Q1,36.95,40.6,-0.0899,,,2020Q1,4.3,2020Q1,72,32
2020-04-17,2799.55,2799.55,2799.55,18.5,,151.33,151.33,,,,,,,,,,,,,
2020-04-24,2797.8,2797.8,2797.8,19.1,,146.48,146.48,,,,,,,,,,,2020Q2,5,5
2020-05-01,2912.43,2912.43,2912.43,20.3,,143.47,143.47,,,2020Q2,26.46,36.94,-0.2837,,,,,2020Q2,10,9
2020-05-08,2881.19,2881.19,2881.19,20.4,,141.23,141.23,,-16.2,,,,,,,,,2020Q2,16,16
2020-05-15,2852.5,2852.5,2852.5,20.3,,140.52,140.52,,,,,,,,,,,2020Q2,18,17
2020-05-22,2948.51,2948.51,2948.51,21.0,,140.41,140.41,,,,,,,,,,,2020Q2,19,18
2020-05-29,3029.73,3029.73,3029.73,21.5,,140.92,140.92,,-14.2,2020Q2,23.67,36.93,-0.35906,,,,,2020Q2,26,20
2020-06-05,3112.35,3112.35,3112.35,22.1,,140.83,140.83,,-13.8,,,,,,,,,2020Q2,27,21
2020-06-12,3002.1,3002.1,3002.1,21.2,,141.61,141.61,,,,,,,,,,,2020Q2,27,21
2020-06-19,3115.34,3115.34,3115.34,21.9,,142.25,142.25,,,,,,,,,,,2020Q2,27,22
2020-06-26,3083.76,3083.76,3083.76,21.7,,142.11,142.11,,,,,,,,,,,2020Q2,27,22
2020-07-02,3115.86,3115.86,3115.86,21.8,,142.93,142.93,,,2020Q2,23.25,36.93,-0.37043,,,,,2020Q2,27,22
2020-07-10,3152.05,3152.05,3152.05,22.0,,143.28,143.28,,,,,,,,,,,2020Q2,27,22
2020-07-17,3215.57,3215.57,3215.57,22.3,,144.2,144.2,,1.0,,,,,,,,,,,
2020-07-24,3235.66,3235.66,3235.66,22.2,,145.75,145.75,,2.1,,,,,,,,,2020Q3,4,14
2020-07-31,3246.22,3246.22,3246.22,22.0,,147.56,147.56,,3.1,2020Q3,32.13,31.78,0.01101,,,,,2020Q3,7,25
2020-08-07,3349.16,3349.16,3349.16,22.3,,150.19,150.19,,4.7,,,,,,,,,2020Q3,11,34
2020-08-28,3484.55,3484.55,3484.55,22.8,,152.83,152.83,,6.5,,,,,,,,,2020Q3,21,42
2020-09-04,3455.06,3455.06,3455.06,22.5,,153.56,153.56,,6.9,2020Q3,32.62,31.78,0.02643,,,,,2020Q3,21,44
2020-09-11,3339.19,3339.19,3339.19,21.7,,153.88,153.88,,,,,,,,,,,2020Q3,22,43
2020-09-18,3357.01,3357.01,3357.01,21.7,,154.7,154.7,,,,,,,,,,,2020Q3,22,44
2020-09-25,3246.59,3246.59,3246.59,20.9,,155.34,155.34,,8.3,2020Q3,32.95,31.78,0.03682,,,,,2020Q3,22,45
2020-10-02,3380.8,3380.8,3380.8,21.6,,156.52,156.52,,8.8,2020Q3,33.08,31.78,0.04091,,,,,2020Q3,22,45
2020-10-09,3446.83,3446.83,3446.83,21.9,,157.39,157.39,,0.7,2020Q3,33.1,31.78,0.04154,,,,,2020Q3,23,46
2020-10-16,3483.34,3483.34,3483.34,22.0,,158.33,158.33,,1.3,,,,,,,,,2020Q4,2,6
2020-10-23,3453.49,3453.49,3453.49,21.7,,159.15,159.15,,1.8,,,,,,,,,2020Q4,5,19
2020-10-30,3310.11,3310.11,3310.11,20.6,,160.68,160.68,,2.6,,,,,,,,,2020Q4,15,31
2020-11-06,3510.45,3510.45,3510.45,21.6,,162.52,162.52,,3.7,2020Q4,36.72,36.08,0.01774,,,,,2020Q4,19,41
2020-11-13,3537.01,3537.01,3537.01,21.6,,163.75,163.75,,4.3,,,,,,,,,2020Q4,19,44
2020-11-20,3581.87,3581.87,3581.87,21.7,,165.06,165.06,,5.0,,,,,,,,,2020Q4,20,46
2020-12-04,3666.72,3666.72,3666.72,22.0,,166.67,166.67,,5.9,2020Q4,37.1,36.08,0.02827,,,,,2020Q4,25,56
2020-12-11,4000.08,3668.1,3668.1,21.9,,167.49,167.49,,6.4,2020Q4,37.26,36.08,0.03271,,,,,2020Q4,27,55
2020-12-18,3722.48,3722.48,3722.48,22.1,,168.44,168.44,,7.0,2020Q4,37.39,36.1,0.03573,,,,,2020Q4,28,56
2021-01-08,3803.79,3803.79,3803.79,22.6,,168.31,168.31,,6.8,2020Q4,36.93,36.1,0.02299,,,,,2020Q4,29,56
2021-01-15,3795.54,3795.54,3795.54,22.4,,169.44,169.44,,1.2,2020Q4,36.93,36.1,0.02299,,,,,2020Q4,29,56
2021-01-22,3853.07,3853.07,3853.07,22.5,,171.25,171.25,,2.3,,,,,,,,,2021Q1,2,9
2021-01-29,3787.38,3787.38,3787.38,21.8,,173.73,173.73,,4.0,2021Q1,38.87,37.6,0.03378,,,,,2021Q1,11,20
2021-02-05,3871.74,3871.74,3871.74,22.0,,175.99,175.99,,5.1,,,,,2020Q4,1.7,,,2021Q1,20,35
2021-02-12,3916.38,3916.38,3916.38,22.2,,176.41,176.41,,5.8,,,,,2020Q4,2.9,,,2021Q1,26,46
2021-02-19,3913.97,3913.97,3913.97,22.1,,177.1,177.1,,6.1,,,,,2020Q4,3.2,,,2021Q1,31,53
2021-02-26,3829.34,3829.34,3829.34,21.5,,178.11,178.11,,6.5,2021Q1,39.5,37.61,0.05025,2020Q4,3.9,,,2021Q1,33,59
2021-03-05,3768.47,3768.47,3768.47,21.1,,178.6,178.6,,7.0,2021Q1,39.6,37.61,0.05291,2021Q1,21.8,2021Q1,15.7,2021Q1,34,60
2021-03-12,3939.34,3939.34,3939.34,21.9,,179.88,179.88,,7.7,2021Q1,39.69,37.59,0.05587,2021Q1,22.1,2021Q1,15.5,2021Q1,34,60
2021-03-19,3915.46,3915.46,3915.46,21.7,,180.44,180.44,,8.3,2021Q1,39.79,37.61,0.05796,2021Q1,22.6,2021Q1,15.5,2021Q1,34,61
2021-03-26,3909.52,3909.52,3909.52,21.6,,181.0,181.0,,8.3,2021Q1,39.74,37.61,0.05663,2021Q1,23.3,2021Q1,15.8,2021Q1,34,60
2021-04-01,3972.89,3972.89,3972.89,21.9,,181.41,181.41,,8.9,2021Q1,39.86,37.61,0.05982,2021Q1,23.8,2021Q1,15.8,2021Q1,34,61
2021-04-09,4097.17,4097.17,4097.17,22.4,,182.91,182.91,,9.8,2021Q1,40.04,37.61,0.06461,2021Q1,24.5,2021Q1,15.8,2021Q1,35,61
2021-04-16,4170.42,4170.42,4170.42,22.5,,185.35,185.35,,,,,,,2021Q1,30.2,2021Q1,23.8,2021Q2,0,5
2021-04-23,4134.98,4134.98,4134.98,22.5,,183.78,183.78,,,,,,,2021Q1,33.8,2021Q1,23.8,2021Q2,5,12
2021-04-30,4211.47,4211.47,4211.47,22.0,,191.43,191.43,,,2021Q2,43.73,41.98,0.04169,2021Q1,45.8,2021Q1,23.8,2021Q2,18,30
2021-05-07,4201.62,4201.62,4201.62,21.6,,194.52,194.52,,6.7,,,,,2021Q1,49.4,2021Q1,23.8,2021Q2,29,42
2021-05-14,4112.5,4112.5,4112.5,21.0,,195.83,195.83,,7.3,,,,,2021Q1,50.3,2021Q1,23.7,2021Q2,31,44
2021-05-21,4159.12,4159.12,4159.12,21.2,,196.18,196.18,,7.9,,,,,2021Q1,51.9,,,2021Q2,33,54
2021-06-04,4192.85,4192.85,4192.85,21.1,,198.71,198.71,,8.9,2021Q2,44.42,41.97,0.05838,2021Q2,61.0,2021Q2,52.2,2021Q2,39,63
2021-06-11,4239.18,4239.18,4239.18,21.3,,199.02,199.02,,9.3,2021Q2,44.59,42.0,0.06167,2021Q2,61.5,2021Q2,52.2,2021Q2,37,65
2021-06-17,4223.7,4223.7,4223.7,22.4,,188.56,,outlier vs median 198.87,,2021Q2,44.68,42.0,0.06381,2021Q2,61.9,2021Q2,52.2,2021Q2,37,66
2021-06-25,4266.49,4266.49,4266.49,,,,,,,2021Q2,44.79,41.97,0.06719,2021Q2,62.8,2021Q2,52.1,2021Q2,37,66
2021-07-02,4319.94,4319.94,4319.94,21.4,,201.87,201.87,,10.8,2021Q2,45.03,41.97,0.07291,2021Q2,63.6,2021Q2,52.1,2021Q2,37,66
2021-07-09,4320.82,4320.82,4320.82,21.4,,201.91,201.91,,0.4,2021Q2,45.0,41.97,0.07219,2021Q2,64.0,2021Q2,52.1,2021Q2,37,66
2021-07-16,4360.03,4360.03,4360.03,21.4,,203.74,203.74,,1.1,,,,,2021Q2,69.3,2021Q2,63.3,2021Q3,0,3
2021-07-23,4367.48,4367.48,4367.48,21.3,,205.05,205.05,,1.8,,,,,2021Q2,74.2,2021Q2,63.2,2021Q3,4,8
2021-07-30,4419.15,4419.15,4419.15,21.2,,208.45,208.45,,3.7,2021Q3,49.22,47.5,0.03621,2021Q2,85.1,2021Q2,63.1,2021Q3,19,29
2021-08-06,4429.1,4429.1,4429.1,21.1,,209.91,209.91,,4.4,,,,,2021Q2,88.8,2021Q2,63.0,2021Q3,29,42
2021-08-13,4460.83,4460.83,4460.83,21.1,,211.41,211.41,,4.9,,,,,2021Q2,89.3,2021Q2,16.6,2021Q3,31,42
2021-09-03,4536.95,4536.95,4536.95,21.3,,213.0,213.0,,5.8,2021Q3,49.31,47.5,0.03811,2021Q2,90.9,2021Q2,63.0,2021Q3,46,55
2021-09-10,4493.28,4493.28,4493.28,21.0,,213.97,213.97,,6.2,2021Q3,49.23,47.45,0.03751,2021Q3,27.9,2021Q3,24.2,2021Q3,47,54
2021-09-17,4473.75,4473.75,4473.75,20.9,,214.06,214.06,,6.2,2021Q3,49.11,47.5,0.03389,2021Q3,27.6,2021Q3,24.2,2021Q3,47,55
2021-09-24,4448.98,4448.98,4448.98,20.8,,213.89,213.89,,6.1,2021Q3,48.93,47.5,0.03011,2021Q3,27.6,2021Q3,24.2,2021Q3,47,55
2021-10-01,4307.54,4307.54,4307.54,20.1,,214.31,214.31,,6.2,2021Q3,48.89,47.5,0.02926,2021Q3,27.6,2021Q3,24.2,2021Q3,47,56
2021-10-08,4399.76,4399.76,4399.76,20.5,,214.62,214.62,,6.7,2021Q3,48.9,47.5,0.02947,2021Q3,27.6,2021Q3,24.2,2021Q3,47,56
2021-10-15,4363.8,4438.26,4438.26,20.3,,218.63,218.63,,0.6,,,,,2021Q3,30.0,2021Q3,27.5,2021Q4,3,2
2021-10-22,4549.78,4549.78,4549.78,21.0,,216.66,216.66,,1.2,,,,,2021Q3,32.7,2021Q3,27.5,2021Q4,8,4
2021-10-29,4596.42,4596.42,4596.42,21.1,,217.84,217.84,,1.5,2021Q4,51.53,51.06,0.0092,2021Q3,36.6,2021Q3,27.4,2021Q4,25,15
2021-11-05,4680.06,4680.06,4680.06,21.4,,218.69,218.69,,2.0,,,,,2021Q3,39.1,2021Q3,27.4,2021Q4,41,26
2021-11-12,4649.27,4649.27,4649.27,21.2,,219.31,219.31,,2.2,,,,,2021Q3,39.1,2021Q3,27.4,2021Q4,40,27
2021-11-19,4704.54,4704.54,4704.54,21.4,,219.84,219.84,,2.6,,,,,2021Q3,39.6,,,2021Q4,46,28
2021-12-02,4513.04,4513.04,4513.04,20.4,,221.23,221.23,,3.0,,,,,2021Q4,20.9,,,2021Q4,55,37
2021-12-10,5225.0,4667.45,4667.45,21.1,,221.21,221.21,,3.4,2021Q4,51.09,51.06,0.00059,2021Q4,21.2,,,2021Q4,56,37
2021-12-17,4668.67,4668.67,4668.67,21.2,,220.22,220.22,,3.9,2021Q4,51.25,51.06,0.00372,2021Q4,21.3,,,2021Q4,57,38
2022-01-07,4696.05,4696.05,4696.05,,,,,,,,,,,2021Q4,21.7,2021Q4,20.9,2021Q4,56,37
2022-01-13,4726.35,4726.35,4726.35,21.1,,224.0,224.0,,0.4,,,,,2021Q4,21.8,2021Q4,21.4,,,
2022-01-28,4326.51,4326.51,4326.51,19.2,,225.34,225.34,,1.0,,,,,2021Q4,24.3,2021Q4,21.4,2022Q1,13,7
2022-02-04,4477.44,4477.44,4477.44,19.7,,227.28,227.28,,1.6,2022Q1,51.86,52.22,-0.00689,2021Q4,29.2,2021Q4,21.3,2022Q1,34,13
2022-02-11,4504.08,4504.08,4504.08,19.7,,228.63,228.63,,1.8,,,,,2021Q4,30.3,2021Q4,21.3,2022Q1,47,17
2022-02-18,4380.26,4380.26,4380.26,19.2,,228.14,228.14,,2.2,,,,,2021Q4,30.9,2021Q4,21.2,2022Q1,55,22
2022-02-25,4288.7,4288.7,4288.7,18.8,,228.12,228.12,,2.4,,,,,2021Q4,30.7,2021Q4,21.2,2022Q1,62,26
2022-03-04,4363.49,4363.49,4363.49,19.0,,229.66,229.66,,2.7,2022Q1,51.62,52.22,-0.01149,2022Q1,4.8,2022Q1,5.9,2022Q1,64,29
2022-03-11,4259.52,4259.52,4259.52,18.5,,230.24,230.24,,3.1,2022Q1,51.79,52.21,-0.00804,2022Q1,4.8,2022Q1,5.8,2022Q1,65,29
2022-03-18,4411.67,4411.67,4411.67,19.1,,230.98,230.98,,3.8,2022Q1,51.91,52.21,-0.00575,2022Q1,4.8,2022Q1,5.7,2022Q1,66,29
2022-03-25,4520.16,4520.16,4520.16,19.5,,231.8,231.8,,4.0,2022Q1,51.85,52.22,-0.00709,2022Q1,4.8,2022Q1,5.7,2022Q1,66,29
2022-04-01,4530.41,4530.41,4530.41,19.5,,232.33,232.33,,4.4,2022Q1,51.83,52.21,-0.00728,2022Q1,4.7,2022Q1,5.7,2022Q1,67,29
2022-04-08,4500.21,4500.21,4500.21,19.2,,234.39,234.39,,4.9,2022Q1,51.73,52.21,-0.00919,2022Q1,4.5,2022Q1,5.7,2022Q1,67,29
2022-04-14,4446.59,4446.59,4446.59,19.0,,234.03,234.03,,0.6,,,,,2022Q1,5.1,2022Q1,4.7,2022Q2,2,4
2022-04-22,4393.66,4393.66,4393.66,18.6,,236.22,236.22,,1.3,,,,,2022Q1,6.6,2022Q1,4.7,2022Q2,8,4
2022-04-29,4287.5,4287.5,4287.5,18.1,,236.88,236.88,,1.6,,,,,2022Q1,7.1,2022Q1,4.7,2022Q2,26,17
2022-05-06,4146.87,4146.87,4146.87,17.6,,235.62,235.62,,1.4,,,,,2022Q1,9.1,2022Q1,4.6,2022Q2,50,22
2022-05-13,3930.08,3930.08,3930.08,16.6,,236.75,236.75,,1.7,,,,,2022Q1,9.1,2022Q1,4.6,2022Q2,53,23
2022-05-20,3900.79,3900.79,3900.79,16.4,,237.85,237.85,,1.9,,,,,2022Q1,9.1,2022Q1,4.6,2022Q2,62,26
2022-05-27,4057.84,4057.84,4057.84,17.1,,237.3,237.3,,2.1,,,,,2022Q1,9.2,2022Q1,4.6,2022Q2,67,29
2022-06-03,4176.82,4176.82,4176.82,17.5,,238.68,238.68,,2.3,2022Q2,55.36,56.06,-0.01249,2022Q1,9.2,2022Q1,4.6,2022Q2,70,31
2022-06-10,4017.82,4017.82,4017.82,16.8,,239.16,239.16,,2.7,2022Q2,55.4,56.06,-0.01177,2022Q2,4.0,2022Q2,5.9,2022Q2,71,31
2022-06-17,3666.77,3666.77,3666.77,15.8,,232.07,,outlier vs median 239.16,2.9,2022Q2,55.53,56.06,-0.00945,2022Q2,4.3,2022Q2,5.9,2022Q2,72,31
2022-06-24,3795.73,3795.73,3795.73,15.8,,240.24,240.24,,2.9,2022Q2,55.52,56.06,-0.00963,2022Q2,4.3,2022Q2,5.9,2022Q2,71,32
2022-07-01,3785.38,3785.38,3785.38,15.8,,239.58,239.58,,2.9,2022Q2,55.44,56.06,-0.01106,2022Q2,4.1,2022Q2,5.9,2022Q2,71,32
2022-07-08,3902.62,3902.62,3902.62,16.3,,239.42,239.42,,2.9,2022Q2,55.41,56.06,-0.01159,2022Q2,4.3,2022Q2,5.9,2022Q2,71,31
2022-07-15,3790.38,3790.38,3790.38,15.8,,239.9,239.9,,,,,,,2022Q2,4.2,2022Q2,4.0,,,
2022-07-22,3998.95,3998.95,3998.95,16.7,,239.46,239.46,,-0.2,,,,,2022Q2,4.8,2022Q2,4.0,,,
2022-07-29,4072.43,4072.43,4072.43,17.1,,238.15,238.15,,-0.8,2022Q3,57.98,59.44,-0.02456,2022Q2,6.0,2022Q2,4.0,,,
2022-08-05,4151.94,4151.94,4151.94,17.5,,237.25,237.25,,-1.0,,,,,2022Q2,6.7,,,,,
2022-09-02,3966.85,3966.85,3966.85,16.7,,237.54,237.54,,-0.9,2022Q3,56.21,59.44,-0.05434,2022Q2,6.3,2022Q2,3.9,,,
2022-09-09,4006.18,4006.18,4006.18,16.8,,238.46,238.46,,-0.7,2022Q3,56.19,59.44,-0.05468,2022Q3,3.7,2022Q3,9.8,2022Q3,63,40
2022-09-16,3901.35,3901.35,3901.35,16.4,,237.89,237.89,,-0.7,2022Q3,56.15,59.44,-0.05535,2022Q3,3.5,2022Q3,9.8,2022Q3,65,40
2022-09-23,3757.99,3757.99,3757.99,15.8,,237.85,237.85,,-1.1,2022Q3,55.72,59.44,-0.06258,2022Q3,3.2,2022Q3,9.8,2022Q3,64,41
2022-10-07,3744.52,3744.52,3744.52,15.8,,236.99,236.99,,0.1,2022Q3,55.51,59.44,-0.06612,2022Q3,2.4,2022Q3,9.9,2022Q3,65,41
2022-10-14,3669.91,3669.91,3669.91,15.5,,236.77,236.77,,-0.2,,,,,2022Q3,1.6,2022Q3,2.8,2022Q4,5,4
2022-10-21,3665.78,3665.78,3665.78,15.6,,234.99,234.99,,-0.5,,,,,2022Q3,1.5,2022Q3,2.8,2022Q4,9,6
2022-10-28,3807.3,3807.3,3807.3,16.3,,233.58,233.58,,-1.6,,,,,2022Q3,2.2,2022Q3,2.8,2022Q4,28,14
2022-11-04,3719.89,3719.89,3719.89,16.1,,231.05,231.05,,-2.3,,,,,2022Q3,2.2,2022Q3,2.7,2022Q4,50,23
2022-11-11,3956.37,3956.37,3956.37,17.1,,231.37,231.37,,-2.5,,,,,2022Q3,2.2,,,2022Q4,52,25
2022-11-17,3958.79,3958.79,3958.79,17.2,,230.16,230.16,,-2.5,,,,,2022Q3,2.2,,,2022Q4,55,27
2022-12-02,4076.57,4076.57,4076.57,17.6,,231.62,231.62,,-2.2,2022Q4,54.58,57.79,-0.05555,2022Q3,2.5,2022Q3,2.6,2022Q4,63,34
2022-12-09,4493.5,3963.51,3963.51,17.1,,231.78,231.78,,-2.2,2022Q4,54.5,57.78,-0.05677,,,2022Q4,3.7,2022Q4,63,34
2022-12-15,3995.32,3995.32,3995.32,17.3,,230.94,230.94,,-2.4,2022Q4,54.24,57.78,-0.06127,,,2022Q4,3.7,2022Q4,63,34
2023-01-06,3808.1,3808.1,3808.1,16.5,,230.79,230.79,,-2.7,2022Q4,54.01,57.78,-0.06525,,,2022Q4,3.5,2022Q4,65,35
2023-01-13,3983.17,3983.17,3983.17,17.3,,230.24,230.24,,-2.8,2022Q4,54.04,57.78,-0.06473,,,2022Q4,3.5,2022Q4,67,34
2023-01-20,3898.85,3898.85,3898.85,17.0,,229.34,229.34,,-0.7,,,,,,,,,2023Q1,5,2
2023-01-27,4060.43,4060.43,4060.43,17.8,,228.11,228.11,,-1.2,,,,,,,,,2023Q1,17,2
2023-02-03,4179.76,4179.76,4179.76,18.4,,227.16,227.16,,-1.4,2023Q1,52.41,54.2,-0.03303,,,,,2023Q1,37,6
2023-02-10,4081.5,4081.5,4081.5,18.0,,226.75,226.75,,-1.6,,,,,,,,,2023Q1,58,13
2023-02-17,4090.41,4090.41,4090.41,18.0,,227.25,227.25,,-1.5,,,,,,,,,2023Q1,65,20
2023-02-24,4012.32,4012.32,4012.32,17.7,,226.68,226.68,,-1.4,,,,,,,,,2023Q1,76,21
2023-03-03,3981.35,3981.35,3981.35,17.5,,227.51,227.51,,-1.4,2023Q1,51.13,54.2,-0.05664,,,,,2023Q1,81,24
2023-03-10,3918.32,3918.32,3918.32,17.2,,227.81,227.81,,-1.1,2023Q1,51.07,54.13,-0.05653,,,,,2023Q1,81,25
2023-03-16,3891.93,3891.93,3891.93,17.1,,227.6,227.6,,-1.0,2023Q1,51.01,54.13,-0.05764,,,,,2023Q1,83,25
2023-03-31,4050.83,4050.83,4050.83,17.8,,227.57,227.57,,-1.0,2023Q1,50.75,54.13,-0.06244,,,,,2023Q1,79,27
2023-04-06,4090.38,4090.38,4090.38,18.0,,227.24,227.24,,-0.9,2023Q1,50.76,54.13,-0.06226,,,,,2023Q1,78,28
2023-04-14,4146.22,4146.22,4146.22,18.3,,226.57,226.57,,-0.1,,,,,,,,,2023Q1,80,27
2023-04-21,4129.79,4129.79,4129.79,18.2,,226.91,226.91,,0.1,,,,,,,,,2023Q2,9,5
2023-04-28,4135.35,4135.35,4135.35,18.1,,228.47,228.47,,0.6,2023Q2,53.89,54.32,-0.00792,,,,,2023Q2,28,20
2023-05-05,4061.22,4061.22,4061.22,17.7,,229.45,229.45,,0.9,,,,,,,,,2023Q2,44,35
2023-05-12,4130.62,4130.62,4130.62,18.0,,229.48,229.48,,1.0,,,,,,,,,2023Q2,50,37
2023-05-19,4198.05,4198.05,4198.05,18.3,,229.4,229.4,,1.2,,,,,,,,,2023Q2,58,41
2023-05-26,4151.28,4151.28,4151.28,17.8,,233.22,233.22,,1.4,,,,,,,,,2023Q2,63,41
2023-06-01,4179.83,4179.83,4179.83,18.0,,232.21,232.21,,2.0,2023Q2,53.28,54.38,-0.02023,,,,,2023Q2,66,44
2023-06-09,4293.93,4293.93,4293.93,18.5,,232.1,232.1,,2.1,2023Q2,53.21,54.38,-0.02152,2023Q3,0.8,,,2023Q2,66,44
2023-06-23,4381.89,4381.89,4381.89,18.8,,233.08,233.08,,2.3,2023Q2,53.11,54.38,-0.02335,,,,,2023Q2,67,46
2023-06-30,4396.44,4396.44,4396.44,18.9,,232.62,232.62,,2.3,2023Q2,52.8,54.38,-0.02905,,,,,2023Q2,67,46
2023-07-07,4411.59,4411.59,4411.59,18.9,,233.42,233.42,,0.2,2023Q2,52.73,54.38,-0.03034,,,,,2023Q2,67,46
2023-07-14,4510.04,4510.04,4510.04,,,,,,,,,,,,,,,2023Q2,68,45
2023-07-21,4534.87,4534.87,4534.87,19.5,,232.56,232.56,,,,,,,,,,,2023Q3,6,5
2023-07-28,4537.41,4537.41,4537.41,19.4,,233.89,233.89,,,,,,,,,,,2023Q3,27,18
2023-08-04,4501.89,4501.89,4501.89,19.2,,234.47,234.47,,1.0,,,,,,,,,2023Q3,49,30
2023-09-01,4507.66,4507.66,4507.66,18.8,,239.77,239.77,,2.8,2023Q3,56.1,55.86,0.0043,,,,,2023Q3,73,42
2023-09-08,4451.14,4451.14,4451.14,18.6,,239.31,239.31,,3.0,2023Q3,56.1,55.86,0.0043,2023Q3,0.5,,,2023Q3,73,42
2023-09-15,4505.1,4505.1,4505.1,18.8,,239.63,239.63,,3.3,2023Q3,56.07,55.86,0.00376,2023Q3,0.2,,,2023Q3,74,42
2023-09-22,4330.0,4330.0,4330.0,18.0,,240.56,240.56,,3.2,2023Q3,55.74,55.86,-0.00215,,,,,2023Q3,74,42
2023-09-29,4299.7,4299.7,4299.7,17.9,,240.21,240.21,,3.4,2023Q3,55.75,55.86,-0.00197,,,,,2023Q3,74,42
2023-10-06,4258.19,4258.19,4258.19,17.7,,240.58,240.58,,3.4,2023Q3,55.72,55.86,-0.00251,,,,,2023Q3,76,42
2023-10-13,4349.61,4349.61,4349.61,18.1,,240.31,240.31,,0.2,,,,,2023Q3,0.4,,,2023Q4,4,5
2023-10-20,4278.0,4278.0,4278.0,17.7,,241.69,241.69,,0.3,,,,,,,,,2023Q4,7,6
2023-10-27,4137.23,4137.23,4137.23,17.1,,241.94,241.94,,0.4,,,,,2023Q3,2.7,,,2023Q4,28,14
2023-11-03,4317.78,4317.78,4317.78,17.8,,242.57,242.57,,0.6,2023Q4,55.61,57.86,-0.03889,2023Q3,3.7,,,2023Q4,48,27
2023-11-10,4347.35,4347.35,4347.35,18.0,,241.52,241.52,,0.5,,,,,2023Q3,4.1,,,2023Q4,59,30
2023-11-17,4508.24,4508.24,4508.24,18.6,,242.38,242.38,,0.6,,,,,2023Q3,4.3,,,2023Q4,64,32
2023-12-01,4567.8,4567.8,4567.8,18.7,,244.27,244.27,,1.3,2023Q4,54.95,57.86,-0.05029,2023Q3,4.8,,,2023Q4,69,38
2023-12-08,5068.41,4585.59,4585.59,18.8,,243.91,243.91,,1.5,2023Q4,54.81,57.86,-0.05271,2023Q4,2.7,2023Q4,8.1,2023Q4,70,38
2023-12-15,4719.55,4719.55,4719.55,19.3,,244.54,244.54,,1.4,2023Q4,54.5,57.86,-0.05807,2023Q4,2.4,2023Q4,8.1,2023Q4,72,39
2024-01-05,4688.68,4688.68,4688.68,19.2,,244.2,244.2,,1.6,2023Q4,53.9,57.86,-0.06844,2023Q4,1.3,2023Q4,8.0,2023Q4,72,39
2024-01-12,4780.24,4780.24,4780.24,19.5,,245.14,245.14,,0.2,,,,,,,2023Q4,1.6,2024Q1,4,3
2024-01-19,4780.94,4780.94,4780.94,19.5,,245.18,245.18,,0.3,,,,,,,2023Q4,1.6,2024Q1,5,3
2024-01-26,4894.16,4894.16,4894.16,20.0,,244.71,244.71,,0.3,,,,,,,2023Q4,1.5,2024Q1,14,9
2024-02-02,4906.19,4906.19,4906.19,20.0,,245.31,245.31,,0.5,2024Q1,55.55,56.34,-0.01402,2023Q4,1.6,2023Q4,1.5,2024Q1,31,17
2024-02-09,4997.91,4997.91,4997.91,20.3,,246.2,246.2,,2.0,,,,,2023Q4,2.9,2023Q4,1.5,2024Q1,52,21
2024-02-16,5029.73,5029.73,5029.73,20.4,,246.56,246.56,,1.2,,,,,2023Q4,3.2,,,2024Q1,59,26
2024-03-01,5069.76,5096.27,5069.76,20.4,,248.52,248.52,,1.9,2024Q1,55.11,56.34,-0.02183,2023Q4,4.0,,,2024Q1,71,30
2024-03-08,5157.36,5157.36,5157.36,20.7,,249.15,249.15,,2.4,2024Q1,55.1,56.34,-0.02201,2024Q1,3.4,2024Q1,5.6,2024Q1,74,32
2024-03-15,5150.48,5150.48,5150.48,20.6,,250.02,250.02,,2.7,2024Q1,55.02,56.34,-0.02343,2024Q1,3.3,2024Q1,5.7,2024Q1,78,32
2024-03-21,5224.62,5224.62,5224.62,20.9,,249.98,249.98,,2.6,2024Q1,54.86,56.34,-0.02627,2024Q1,3.4,2024Q1,5.7,2024Q1,78,33
2024-03-28,5248.49,5248.49,5248.49,20.9,,251.12,251.12,,2.9,2024Q1,54.94,56.34,-0.02485,2024Q1,3.6,2024Q1,5.8,2024Q1,79,33
2024-04-05,5147.21,5147.21,5147.21,20.5,,251.08,251.08,,3.2,2024Q1,54.93,56.34,-0.02503,2024Q1,3.2,2024Q1,5.7,2024Q1,79,33
2024-04-12,5199.06,5199.06,5199.06,20.6,,252.38,252.38,,0.6,,,,,2024Q1,0.9,2024Q1,3.4,2024Q1,79,33
2024-04-19,5011.12,5011.12,5011.12,19.9,,251.82,251.82,,0.6,,,,,2024Q1,0.5,2024Q1,3.4,2024Q2,7,5
2024-04-26,5048.42,5048.42,5048.42,20.0,,252.42,252.42,,0.9,,,,,2024Q1,3.5,2024Q1,3.4,2024Q2,19,20
2024-05-03,5064.2,5064.2,5064.2,19.9,,254.48,254.48,,1.5,2024Q2,59.64,59.23,0.00692,2024Q1,5.0,2024Q1,3.4,2024Q2,41,34
2024-05-10,5214.08,5214.08,5214.08,20.4,,255.59,255.59,,1.9,,,,,2024Q1,5.4,2024Q1,3.4,2024Q2,51,36
2024-05-17,5297.1,5297.1,5297.1,20.7,,255.9,255.9,,2.1,,,,,2024Q1,5.7,2024Q1,3.4,2024Q2,54,37
2024-05-24,5267.84,5267.84,5267.84,20.5,,256.97,256.97,,2.7,,,,,2024Q1,6.0,2024Q1,3.4,2024Q2,60,41
2024-05-31,5235.48,5235.48,5235.48,20.3,,257.91,257.91,,2.9,2024Q2,59.43,59.22,0.00355,2024Q1,5.9,2024Q1,3.4,2024Q2,64,42
2024-06-07,5352.96,5352.96,5352.96,20.7,,258.6,258.6,,3.2,,,,,2024Q1,5.9,,,2024Q2,67,44
2024-06-14,5433.74,5433.74,5433.74,21.0,,258.75,258.75,,3.6,2024Q2,59.34,59.22,0.00203,2024Q2,9.0,,,2024Q2,67,44
2024-06-21,,5473.17,5473.17,,,,,,,,,,,2024Q2,8.8,,,2024Q2,67,44
2024-07-03,5509.01,5509.01,5509.01,21.2,,259.86,259.86,,4.0,2024Q2,58.94,59.22,-0.00473,2024Q2,8.8,2024Q2,9.1,2024Q2,67,45
2024-07-12,5584.54,5584.54,5584.54,21.4,,260.96,260.96,,0.5,,,,,2024Q2,9.3,2024Q2,8.9,2024Q3,2,5
2024-07-19,5544.59,5544.59,5544.59,21.2,,261.54,261.54,,0.7,,,,,2024Q2,9.7,2024Q2,8.9,2024Q3,5,5
2024-07-26,5399.22,5399.22,5399.22,20.6,,262.1,262.1,,0.9,,,,,2024Q2,9.8,2024Q2,8.9,2024Q3,16,16
2024-08-02,5446.68,5446.68,5446.68,20.7,,263.12,263.12,,1.3,2024Q3,62.09,63.2,-0.01756,2024Q2,11.5,2024Q2,8.9,2024Q3,39,35
2024-08-09,5319.31,5319.31,5319.31,20.2,,263.33,263.33,,1.2,2024Q3,62.08,63.2,-0.01772,2024Q2,10.8,2024Q2,8.9,2024Q3,47,39
2024-08-16,5543.22,5543.22,5543.22,21.0,,263.96,263.96,,1.6,,,,,2024Q2,10.9,,,2024Q3,48,41
2024-09-06,5503.41,5503.41,5503.41,20.6,,267.16,267.16,,2.6,2024Q3,61.44,63.2,-0.02785,2024Q2,11.3,2024Q2,8.9,2024Q3,59,50
2024-09-13,5595.76,5595.76,5595.76,20.9,,267.74,267.74,,2.8,2024Q3,61.29,63.2,-0.03022,2024Q3,4.9,2024Q3,7.8,2024Q3,59,50
2024-09-20,5713.64,5713.64,5713.64,21.4,,266.99,266.99,,2.8,2024Q3,61.16,63.2,-0.03228,2024Q3,4.6,2024Q3,7.8,2024Q3,60,50
2024-09-27,5745.37,5745.37,5745.37,21.6,,265.99,265.99,,2.5,2024Q3,60.82,63.2,-0.03766,2024Q3,4.6,2024Q3,7.8,2024Q3,60,50
2024-10-04,5699.94,5699.94,5699.94,21.4,,266.35,266.35,,2.5,2024Q3,60.72,63.2,-0.03924,2024Q3,4.2,2024Q3,7.8,2024Q3,60,50
2024-10-11,,5780.05,5780.05,,,,,,,,,,,2024Q3,4.1,2024Q3,4.4,2024Q3,60,50
2024-10-18,5841.47,5841.47,5841.47,21.9,,266.73,266.73,,0.2,,,,,2024Q3,3.4,2024Q3,4.3,2024Q4,9,5
2024-10-25,5809.86,5809.86,5809.86,21.7,,267.74,267.74,,0.3,,,,,2024Q3,3.6,2024Q3,4.3,2024Q4,20,11
2024-11-01,5705.45,5705.45,5705.45,21.3,,267.86,267.86,,0.5,2024Q4,62.45,63.61,-0.01824,2024Q3,5.1,2024Q3,4.3,2024Q4,37,18
2024-11-08,5973.1,5973.1,5973.1,22.2,269.44,269.44,269.44,,1.9,,,,,2024Q3,5.3,2024Q3,4.3,2024Q4,53,24
2024-11-15,5949.17,5949.17,5949.17,22.0,,270.42,270.42,,1.0,,,,,2024Q3,5.4,2024Q3,4.2,2024Q4,54,26
2024-11-22,5948.71,5948.71,5948.71,22.0,,270.4,270.4,,1.4,,,,,2024Q3,5.8,2024Q3,4.2,2024Q4,58,33
2024-12-06,6075.11,6075.11,6075.11,22.3,,272.43,272.43,,1.9,2024Q4,62.02,63.6,-0.02484,2024Q4,11.9,2024Q4,14.5,2024Q4,67,35
2024-12-12,6678.18,6084.19,6084.19,22.3,,272.83,272.83,,2.1,2024Q4,61.96,63.6,-0.02579,2024Q4,11.8,2024Q4,14.6,2024Q4,71,35
2024-12-20,,5867.08,5867.08,,,,,,,,,,,2024Q4,11.9,2024Q4,14.6,2024Q4,72,35
2025-01-03,5868.55,5868.55,5868.55,21.4,,274.23,274.23,,2.5,2024Q4,61.88,63.6,-0.02704,2024Q4,11.9,2024Q4,14.5,2024Q4,71,35
2025-01-10,5918.25,5918.25,5918.25,21.5,,275.27,275.27,,2.7,2024Q4,61.88,63.6,-0.02704,2024Q4,11.7,2024Q4,14.5,2024Q4,71,35
2025-01-17,5937.34,5937.34,5937.34,21.6,,274.88,274.88,,0.5,,,,,2024Q4,12.5,2024Q4,11.9,,,
2025-01-24,6118.71,6118.71,6118.71,22.2,,275.62,275.62,,0.3,,,,,2024Q4,12.7,2024Q4,11.8,2025Q1,6,6
2025-01-31,6071.17,6071.17,6071.17,22.0,,275.96,275.96,,0.9,,,,,2024Q4,13.2,2024Q4,11.8,2025Q1,12,13
2025-02-07,6083.57,6083.57,6083.57,22.1,,275.27,275.27,,0.6,,,,,2024Q4,16.4,2024Q4,11.8,2025Q1,34,21
2025-02-14,6115.07,6115.07,6115.07,22.2,,275.45,275.45,,0.7,,,,,2024Q4,16.9,,,2025Q1,42,33
2025-02-28,5861.57,5861.57,5861.57,21.2,,276.49,276.49,,1.1,2025Q1,60.66,62.89,-0.03546,2024Q4,18.2,2024Q4,11.7,2025Q1,58,40
2025-03-07,5738.52,5738.52,5738.52,20.7,,277.22,277.22,,1.4,2025Q1,60.57,62.89,-0.03689,2025Q1,7.3,2024Q1,11.6,2025Q1,64,39
2025-03-14,5521.52,5521.52,5521.52,19.9,,277.46,277.46,,1.6,2025Q1,60.51,62.89,-0.03784,2025Q1,7.1,2024Q1,11.6,2025Q1,65,39
2025-03-20,5675.29,5675.29,5675.29,20.4,,278.2,278.2,,1.8,2025Q1,60.4,62.89,-0.03959,2025Q1,7.1,2024Q1,11.6,2025Q1,66,39
2025-03-28,5693.31,5693.31,5693.31,20.5,,277.72,277.72,,1.7,2025Q1,60.28,62.89,-0.0415,2025Q1,7.3,2024Q1,11.7,2025Q1,68,39
2025-04-04,5396.52,5396.52,5396.52,19.4,,278.17,278.17,,,2025Q1,60.23,62.89,-0.0423,2025Q1,7.0,2024Q1,11.7,2025Q1,68,39
2025-04-11,5268.05,5268.05,5268.05,19.0,,277.27,277.27,,-0.1,,,,,2025Q1,7.3,2024Q1,7.2,2025Q2,4,2
2025-04-17,5275.7,5275.7,5275.7,19.0,,277.67,277.67,,-0.3,,,,,2025Q1,7.2,,,,,
2025-04-25,5484.77,5484.77,5484.77,19.8,,277.01,277.01,,-0.6,,,,,2025Q1,10.1,,,2025Q2,10,12
2025-05-02,5604.15,5604.14,5604.15,20.2,,277.43,277.43,,-0.4,2025Q2,63.96,65.55,-0.02426,2025Q1,12.8,,,2025Q2,35,26
2025-05-09,5663.94,5663.94,5663.94,20.5,,276.29,276.29,,-0.4,,,,,2025Q1,13.4,2024Q1,7.1,2025Q2,41,34
2025-05-16,5916.93,5916.93,5916.93,21.4,,276.49,276.49,,-0.4,,,,,2025Q1,13.6,2024Q1,7.1,2025Q2,42,36
2025-05-23,5842.01,5842.01,5842.01,21.1,,276.87,276.87,,-0.2,,,,,2025Q1,12.9,2025Q1,7.1,2025Q2,47,40
2025-05-30,5912.17,5912.17,5912.17,21.3,,277.57,277.57,,,2025Q2,62.91,65.55,-0.04027,2025Q1,13.3,2025Q1,7.2,2025Q2,51,43
2025-06-06,,5939.3,5939.3,,,,,,,,,,,2025Q2,4.9,2025Q2,9.3,,,
2025-06-13,6045.26,6045.26,6045.26,21.6,,279.87,279.87,,0.6,2025Q2,62.85,65.55,-0.04119,2025Q2,4.9,2025Q2,9.3,2025Q2,58,50
2025-06-27,6141.02,6141.02,6141.02,21.9,,280.41,280.41,,0.9,2025Q2,62.86,65.55,-0.04104,2025Q2,5.0,2025Q2,9.4,2025Q2,59,51
2025-07-03,6227.42,6227.42,6227.42,22.2,,280.51,280.51,,1.2,2025Q2,62.83,65.55,-0.0415,2025Q2,5.0,2025Q2,9.4,2025Q2,59,51
2025-07-11,6280.46,6280.46,6280.46,22.3,,281.63,281.63,,0.3,,,,,2025Q2,4.8,2025Q2,4.9,2025Q2,60,51
2025-07-18,6297.36,6297.36,6297.36,22.2,,283.66,283.66,,0.8,,,,,2025Q2,5.6,2025Q2,4.9,2025Q3,3,4
2025-07-25,6363.35,6363.35,6363.35,22.4,,284.08,284.08,,1.3,,,,,2025Q2,6.4,2025Q2,4.9,2025Q3,13,12
2025-08-01,6339.39,6339.39,6339.39,22.2,,285.56,285.56,,1.6,2025Q3,67.4,67.32,0.00119,2025Q2,10.3,2025Q2,4.9,2025Q3,30,27
2025-08-08,6340.0,6340.0,6340.0,22.1,,286.88,286.88,,2.3,,,,,2025Q2,11.8,,,2025Q3,38,40
2025-08-29,6501.86,6501.86,6501.86,22.4,,290.26,290.26,,3.5,2025Q3,67.66,67.32,0.00505,2025Q2,11.9,2025Q2,4.8,2025Q3,46,52
2025-09-05,6502.08,6502.08,6502.08,22.1,,294.21,294.21,,3.7,2025Q3,67.62,67.32,0.00446,2025Q3,7.5,2025Q3,7.2,2025Q3,47,54
2025-09-12,6587.47,6587.47,6587.47,22.5,,292.78,292.78,,4.1,2025Q3,67.7,67.32,0.00564,2025Q3,7.6,2025Q3,7.2,2025Q3,52,58
2025-09-19,6631.96,6631.96,6631.96,22.6,,293.45,293.45,,4.4,2025Q3,67.77,67.32,0.00668,2025Q3,7.7,2025Q3,7.2,2025Q3,56,56
2025-09-26,6604.72,6604.72,6604.72,22.5,,293.54,293.54,,4.3,2025Q3,67.53,67.32,0.00312,2025Q3,7.9,2025Q3,7.3,2025Q3,56,56
2025-10-03,6715.35,6715.35,6715.35,22.8,,294.53,294.53,,4.6,2025Q3,67.41,67.32,0.00134,2025Q3,8.0,2025Q3,7.3,2025Q3,56,56
2025-10-10,6735.11,6735.11,6735.11,22.8,,295.4,295.4,,4.9,2025Q3,67.4,67.32,0.00119,2025Q3,8.0,2025Q3,7.3,2025Q3,57,55
2025-10-17,6629.07,6629.07,6629.07,22.4,,295.94,295.94,,0.6,,,,,2025Q3,8.5,2025Q3,7.9,2025Q4,2,8
2025-10-24,6738.44,6738.44,6738.44,22.7,,296.85,296.85,,1.1,,,,,2025Q3,9.2,2025Q3,7.9,2025Q4,11,12
2025-10-31,6890.59,6822.34,6890.59,22.9,298.56,298.56,298.56,,1.5,,,,,2025Q3,10.7,2025Q3,7.9,2025Q4,28,21
2025-11-07,6720.32,6720.32,6720.32,22.7,,296.05,296.05,,2.0,,,,,2025Q3,13.1,2025Q3,7.9,2025Q4,42,31
2025-11-14,6737.49,6737.49,6737.49,22.4,,300.78,300.78,,2.4,,,,,2025Q3,13.1,2025Q3,7.9,2025Q4,42,33
2025-11-21,6538.76,6538.76,6538.76,21.5,,304.13,304.13,,3.2,,,,,2025Q3,13.4,,,2025Q4,43,34
2025-12-05,6857.12,6857.12,6857.12,22.4,,306.12,306.12,,4.0,2025Q4,70.34,70.16,0.00257,2025Q4,7.7,2025Q4,7.1,2025Q4,52,48
2025-12-12,7968.78,6901.0,6901.0,22.5,,306.71,306.71,,4.2,2025Q4,70.41,70.16,0.00356,2025Q4,8.1,2025Q4,7.2,2025Q4,56,49
2025-12-19,6774.76,6774.76,6774.76,21.8,,310.77,310.77,,,2025Q4,70.46,70.16,0.00428,2025Q4,8.3,2025Q4,7.2,2025Q4,58,50
2026-01-09,6921.46,6921.46,6921.46,22.2,,311.78,311.78,,0.2,2025Q4,70.5,70.16,0.00485,2025Q4,8.3,2025Q4,7.2,2025Q4,57,50
2026-01-16,6944.47,6944.47,6944.47,22.2,,312.81,312.81,,0.5,,,,,2025Q4,8.2,2025Q4,8.3,2026Q1,2,3
2026-01-23,6913.35,6913.35,6913.35,22.1,,312.82,312.82,,0.7,,,,,2025Q4,8.2,2025Q4,8.3,2026Q1,6,4
2026-01-30,6969.01,6969.01,6969.01,22.2,,313.92,313.92,,1.2,,,,,2025Q4,11.9,2025Q4,8.3,2026Q1,7,17
2026-02-06,6798.4,6798.4,6798.4,21.5,,316.2,316.2,,2.0,,,,,2025Q4,13.0,2025Q4,8.3,2026Q1,23,28
2026-02-13,6832.76,6832.76,6832.76,21.5,,317.8,317.8,,2.2,,,,,2025Q4,13.2,,,2026Q1,31,38
2026-02-27,6908.86,6908.86,6908.86,21.6,,319.85,319.85,,3.2,2026Q1,70.5,71.57,-0.01495,2025Q4,14.2,2025Q4,8.3,2026Q1,45,52
2026-03-06,6830.71,6830.71,6830.71,21.2,,322.2,322.2,,3.9,2026Q1,70.63,71.57,-0.01313,2026Q1,11.5,2026Q1,12.7,2026Q1,46,56
2026-03-12,6775.8,6775.8,6775.8,20.9,,324.2,324.2,,4.3,2026Q1,70.73,71.57,-0.01174,2026Q1,11.6,2026Q1,12.7,2026Q1,46,57
2026-03-19,6524.7,6624.7,6624.7,20.3,,326.34,326.34,,5.1,2026Q1,70.85,71.57,-0.01006,2026Q1,12.5,2026Q1,12.7,2026Q1,50,57
2026-03-27,6477.16,6477.16,6477.16,19.9,,325.49,325.49,,6.6,2026Q1,71.24,71.57,-0.00461,2026Q1,13.0,2026Q1,12.8,2026Q1,50,60
2026-04-02,6575.32,6575.32,6575.32,19.8,,332.09,332.09,,7.1,2026Q1,71.36,71.56,-0.00279,2026Q1,13.2,2026Q1,12.8,2026Q1,51,59
2026-04-10,6824.66,6824.66,6824.66,20.4,,334.54,334.54,,8.1,2026Q1,71.37,71.57,-0.00279,2026Q1,12.6,2026Q1,12.8,2026Q1,51,58
2026-04-17,7041.28,7041.28,7041.28,20.9,,336.9,336.9,,1.5,,,,,2026Q1,13.2,,,2026Q2,4,3
2026-04-24,7108.4,7108.4,7108.4,20.9,,340.11,340.11,,2.3,,,,,2026Q1,15.1,,,2026Q2,11,9
2026-05-01,7209.01,7209.01,7209.01,20.9,,344.93,344.93,,4.1,2026Q2,80.47,78.84,0.02067,2026Q1,27.1,,,2026Q2,28,23
2026-05-08,7337.11,7337.11,7337.11,21.0,,349.39,349.39,,5.4,2026Q2,81.34,78.84,0.03171,2026Q1,27.7,,,2026Q2,38,39
2026-05-15,7501.24,7501.24,7501.24,21.4,,350.53,350.53,,5.8,,,,,2026Q1,27.7,2026Q1,13.0,2026Q2,38,42
2026-05-21,7432.97,7432.97,7432.97,21.1,,352.27,352.27,,6.2,,,,,2026Q1,28.4,2026Q1,13.0,,,
2026-05-29,7563.63,7563.63,7563.63,21.2,,356.78,356.78,,7.6,2026Q2,80.8,78.84,0.02486,2026Q1,28.6,2026Q1,13.1,2026Q2,46,56
2026-06-05,7584.31,7584.31,7584.31,21.1,,359.45,359.45,,8.2,2026Q2,80.99,78.84,0.02727,2026Q2,21.7,2026Q2,18.7,2026Q2,47,61
2026-06-12,7266.99,7394.3,7394.3,20.1,,367.88,367.88,,8.8,2026Q2,81.01,78.85,0.02739,2026Q2,21.9,2026Q2,18.7,2026Q2,47,62
2026-06-18,7420.1,7420.1,7420.1,,,,,,,,,,,2026Q2,22.0,2026Q2,18.7,2026Q2,48,62
2026-06-26,7357.49,7357.49,7357.49,20.1,,366.04,366.04,,10.4,,,,,2026Q2,23.1,2026Q2,18.8,2026Q2,48,63
2026-07-02,7483.23,7483.23,7483.23,20.4,,366.82,366.82,,10.8,2026Q2,81.54,78.84,0.03425,2026Q2,23.3,2026Q2,18.8,2026Q2,48,63
2026-07-10,7543.64,7543.64,7543.64,20.5,,367.98,367.98,,11.2,2026Q2,81.54,78.84,0.03425,2026Q2,23.6,2026Q2,18.8,2026Q2,49,62
2026-07-17,7533.77,7533.77,7533.77,20.3,,371.12,371.12,,1.1,,,,,2026Q2,24.7,2026Q2,23.2,2026Q3,4,5
2026-07-24,,7408.3,7408.3,20.1,,368.57,368.57,,1.6,,,,,2026Q2,37.9,2026Q2,23.2,2026Q3,9,11
2026-07-31,7437.63,7437.63,7437.63,19.6,,379.47,379.47,,,2026Q3,88.95,88.67,0.00316,2026Q2,47.4,2026Q2,23.2,2026Q3,20,34
2026-08-07,7709.96,7709.96,7709.96,20.0,,385.5,385.5,,4.7,,,,,2026Q2,50.4,2026Q2,23.1,,,
2026-08-28,7730.99,7730.99,7730.99,19.6,,394.44,394.44,,7.4,,,,,2026Q2,52.0,2026Q2,23.1,2026Q3,35,63
2026-09-04,7747.71,7747.71,7747.71,19.5,,397.32,397.32,,7.9,2026Q3,89.69,88.64,0.01185,2026Q3,28.5,2026Q3,26.6,2026Q3,41,70
2026-09-11,7591.7,7591.7,7591.7,19.1,,397.47,397.47,,8.3,2026Q3,89.91,88.64,0.01433,2026Q3,28.7,2026Q3,26.6,2026Q3,42,72
2026-09-18,7637.76,7637.76,7637.76,19.1,,399.88,399.88,,8.8,2026Q3,90.03,88.64,0.01568,2026Q3,28.9,2026Q3,26.7,2026Q3,43,72
2026-09-25,7704.13,7704.13,7704.13,19.2,,401.26,401.26,,8.9,2026Q3,89.76,88.64,0.01264,2026Q3,29.1,2026Q3,26.7,2026Q3,44,72
2026-10-02,7651.54,7666.45,7651.54,19.0,,402.71,402.71,,9.3,2026Q3,89.84,88.64,0.01354,2026Q3,29.5,2026Q3,26.7,2026Q3,44,72
