date,sector,n,rev30,rev90,breadth30,co_breadth30,fwd_eps_dollars_bn,top5_rev90
2026-10-02,信息技术,74,0.02803,0.099623,0.6455,0.5,1288.7,NVDA MU SNDK MSFT AMD
2026-10-02,公用事业,31,0.005447,0.000246,0.0329,0.0645,81.12,AES ETR SO ATO XEL
2026-10-02,医疗保健,60,-0.002133,0.012494,0.5228,0.0833,340.98,LLY UNH BMY CNC AMGN
2026-10-02,原材料,25,0.000613,-0.017341,0.1463,0.0,65.92,AMCR NUE FCX STLD IP
2026-10-02,可选消费,47,-0.002362,0.056132,0.2273,-0.0638,268.03,AMZN GM F ROST EXPE
2026-10-02,工业,82,-0.000731,0.026656,0.5994,0.1951,241.81,CAT PWR RTX GE UNP
2026-10-02,房地产,30,0.039993,0.035199,0.1457,0.0667,33.31,VMRK AMT PLD CBRE INVH
2026-10-02,日常消费,33,-0.000547,0.002841,0.259,-0.1212,153.73,TGT ADM KO DG DLTR
2026-10-02,能源,21,0.082743,0.143583,0.3486,0.4762,179.47,MPC VLO CVX PSX XOM
2026-10-02,通信服务,22,0.001798,0.035935,0.0458,0.1364,363.99,GOOGL ECHO GOOG TMUS VZ
2026-10-02,金融,73,-0.002847,0.026143,0.3922,0.1644,537.67,JPM GS MS BAC SCHW
